t,lamS
2.0,0.8007390964498827
2.003600720144029,0.8014795371514709
2.007201440288058,0.802221325685897
2.0108021604320863,0.8029644656470831
2.014402880576115,0.8037089606417984
2.018003600720144,0.8044548142897162
2.021604320864173,0.8052020302234718
2.0252050410082014,0.8059506120887201
2.0288057611522303,0.8067005635441942
2.0324064812962592,0.8074518882617636
2.036007201440288,0.8082045899264935
2.039607921584317,0.8089586722367036
2.0432086417283455,0.8097141389040279
2.0468093618723744,0.8104709936534742
2.0504100820164033,0.8112292402234847
2.054010802160432,0.8119888823659962
2.057611522304461,0.8127499238465007
2.0612122424484896,0.813512368444107
2.0648129625925185,0.8142762199516019
2.0684136827365474,0.8150414821755121
2.0720144028805763,0.8158081589361661
2.0756151230246047,0.816576254067757
2.0792158431686336,0.8173457714184053
2.0828165633126625,0.8181167148502215
2.0864172834566914,0.8188890882393706
2.0900180036007203,0.8196628954761348
2.0936187237447488,0.8204381404649786
2.0972194438887777,0.8212148271246131
2.1008201640328066,0.8219929593880605
2.1044208841768355,0.8227725412027199
2.1080216043208644,0.8235535765304326
2.111622324464893,0.824336069347548
2.1152230446089217,0.8251200236449903
2.1188237647529506,0.8259054434283248
2.1224244848969795,0.8266923327178254
2.126025205041008,0.8274806955485414
2.129625925185037,0.8282705359703659
2.133226645329066,0.8290618580481038
2.1368273654730947,0.8298546658615402
2.1404280856171236,0.8306489635055094
2.144028805761152,0.8314447550899643
2.147629525905181,0.832242044740046
2.15123024604921,0.8330408365961541
2.1548309661932388,0.833841134814017
2.1584316863372672,0.8346429435647624
2.162032406481296,0.8354462670349895
2.165633126625325,0.8362511094268396
2.169233846769354,0.8370574749580687
2.172834566913383,0.8378653678621202
2.1764352870574113,0.8386747923881971
2.18003600720144,0.8394857528013357
2.183636727345469,0.8402982533824794
2.187237447489498,0.8411122984285523
2.190838167633527,0.841927892252534
2.1944388877775554,0.8427450391835344
2.1980396079215843,0.8435637435668694
2.201640328065613,0.8443840097641361
2.205241048209642,0.8452058421532893
2.208841768353671,0.8460292451287182
2.2124424884976994,0.8468542231013233
2.2160432086417283,0.8476807804985937
2.2196439287857572,0.8485089217646854
2.223244648929786,0.8493386513604992
2.2268453690738146,0.8501699737637601
2.2304460892178435,0.851002893469096
2.2340468093618724,0.8518374149881175
2.2376475295059013,0.8526735428494983
2.24124824964993,0.8535112815990555
2.2448489697939586,0.854350635799831
2.2484496899379876,0.8551916100321724
2.2520504100820165,0.8560342088938158
2.2556511302260454,0.8568784369999675
2.259251850370074,0.8577242989833872
2.2628525705141027,0.8585717994944717
2.2664532906581316,0.8594209432013383
2.2700540108021605,0.8602717347899093
2.2736547309461894,0.8611241789639967
2.277255451090218,0.8619782804453879
2.2808561712342468,0.8628340439739312
2.2844568913782757,0.8636914743076218
2.2880576115223046,0.8645505762226895
2.2916583316663335,0.8654113545136848
2.295259051810362,0.8662738139935676
2.298859771954391,0.8671379594937952
2.3024604920984197,0.868003795864411
2.3060612122424486,0.8688713279741337
2.3096619323864775,0.8697405607104476
2.313262652530506,0.8706114989796924
2.316863372674535,0.8714841477071544
2.320464092818564,0.8723585118371581
2.3240648129625927,0.8732345963331573
2.327665533106621,0.8741124061778284
2.33126625325065,0.8749919463731631
2.334866973394679,0.8758732219405619
2.338467693538708,0.8767562379209282
2.3420684136827363,0.8776409993747627
2.3456691338267652,0.878527511382259
2.349269853970794,0.8794157790433993
2.352870574114823,0.8803058074780502
2.356471294258852,0.88119760182606
2.3600720144028804,0.882091167247356
2.3636727345469093,0.8829865089220426
2.367273454690938,0.8838836320504995
2.370874174834967,0.8847825418534813
2.374474894978996,0.8856832435722168
2.3780756151230245,0.88658574246851
2.3816763352670534,0.88749004382484
2.3852770554110823,0.8883961529444633
2.388877775555111,0.8893040751515155
2.39247849569914,0.8902138157911146
2.3960792158431685,0.8911253802294631
2.3996799359871974,0.8920387738539531
2.4032806561312263,0.8929540020732705
2.4068813762752552,0.8938710703174997
2.4104820964192837,0.8947899840382298
2.4140828165633126,0.8957107487086612
2.4176835367073415,0.8966333698237119
2.4212842568513704,0.8975578529001258
2.424884976995399,0.898484203476581
2.4284856971394277,0.8994124271137984
2.4320864172834566,0.9003425293946516
2.4356871374274855,0.9012745159242771
2.4392878575715145,0.902208392330185
2.442888577715543,0.903144164262371
2.446489297859572,0.9040818373934283
2.4500900180036007,0.9050214174186606
2.4536907381476296,0.9059629100561959
2.4572914582916585,0.9069063210471006
2.460892178435687,0.9078516561554945
2.464492898579716,0.9087989211686666
2.4680936187237448,0.9097481218971912
2.4716943388677737,0.9106992641750453
2.4752950590118026,0.9116523538597261
2.478895779155831,0.9126073968323696
2.48249649929986,0.9135643989978698
2.486097219443889,0.9145233662849986
2.4896979395879177,0.9154843046465266
2.493298659731946,0.9164472200593442
2.496899379875975,0.9174121185245839
2.500500100020004,0.9183790060677434
2.504100820164033,0.9193478887388085
2.5077015403080614,0.9203187726123782
2.5113022604520903,0.9212916637877896
2.514902980596119,0.9222665683892436
2.518503700740148,0.9232434925659319
2.522104420884177,0.9242224424921639
2.5257051410282054,0.9252034243674955
2.5293058611722343,0.9261864444168577
2.5329065813162632,0.9271715088906867
2.536507301460292,0.9281586240650541
2.540108021604321,0.9291477962417988
2.5437087417483495,0.9301390317486586
2.5473094618923784,0.9311323369394038
2.5509101820364073,0.9321277181939706
2.554510902180436,0.933125181918596
2.558111622324465,0.9341247345459531
2.5617123424684936,0.9351263825352879
2.5653130626125225,0.9361301323725558
2.5689137827565514,0.9371359905705601
2.5725145029005803,0.9381439636690906
2.576115223044609,0.9391540582350638
2.5797159431886376,0.940166280862663
2.5833166633326665,0.94118063817348
2.5869173834766954,0.9421971368166576
2.590518103620724,0.9432157834690327
2.5941188237647532,0.9442365848352805
2.5977195439087817,0.9452595476480595
2.6013202640528106,0.9462846786681577
2.6049209841968395,0.9473119846846392
2.608521704340868,0.9483414725149921
2.612122424484897,0.9493731490052774
2.6157231446289257,0.9504070210302782
2.6193238647729546,0.951443095493651
2.6229245849169835,0.9524813793280767
2.626525305061012,0.9535218794954133
2.630126025205041,0.9545646029868493
2.63372674534907,0.9556095568230583
2.6373274654930987,0.9566567480543542
2.6409281856371276,0.957706183760848
2.644528905781156,0.9587578710526048
2.648129625925185,0.9598118170698021
2.651730346069214,0.9608680289828897
2.6553310662132428,0.9619265139927498
2.6589317863572717,0.9629872793308584
2.6625325065013,0.9640503322594478
2.666133226645329,0.9651156800716703
2.669733946789358,0.9661833300917623
2.673334666933387,0.9672532896752104
2.6769353870774157,0.9683255662089179
2.680536107221444,0.9694001671113722
2.684136827365473,0.970477099832814
2.687737547509502,0.9715563718554071
2.6913382676535305,0.9726379906934092
2.6949389877975594,0.973721963893344
2.6985397079415883,0.9748082990341745
2.702140428085617,0.9758970037274775
2.705741148229646,0.9769880856176183
2.7093418683736745,0.9780815523819282
2.7129425885177034,0.9791774117308815
2.7165433086617323,0.9802756714082745
2.7201440288057612,0.981376339191406
2.72374474894979,0.9824794228912576
2.7273454690938186,0.9835849303526766
2.7309461892378475,0.9846928694545596
2.7345469093818764,0.985803248110037
2.7381476295259053,0.986916074266659
2.741748349669934,0.9880313559065828
2.7453490698139627,0.9891491010467609
2.7489497899579916,0.990269317739131
2.7525505101020205,0.9913920140708061
2.7561512302460494,0.9925171981642675
2.7597519503900783,0.9936448781775575
2.7633526705341067,0.9947750623044744
2.7669533906781356,0.9959077587747681
2.7705541108221645,0.9970429758543377
2.774154830966193,0.9981807218454294
2.7777555511102223,0.999321005086837
2.781356271254251,1.0004638339541025
2.7849569913982797,1.0016092168597188
2.7885577115423086,1.0027571622533331
2.792158431686337,1.0039076786219527
2.795759151830366,1.0050607744901512
2.799359871974395,1.0062164584202757
2.8029605921184237,1.0073747390126575
2.8065613122624526,1.0085356249058213
2.810162032406481,1.009699124776698
2.81376275255051,1.0108652473408382
2.817363472694539,1.0120340013526268
2.820964192838568,1.0132053956054994
2.8245649129825967,1.0143794389321599
2.828165633126625,1.0155561402048003
2.831766353270654,1.0167355083353207
2.835367073414683,1.017917552275552
2.838967793558712,1.0191022810174792
2.8425685137027408,1.020289703593467
2.8461692338467692,1.0214798290764862
2.849769953990798,1.0226726665803414
2.853370674134827,1.023868225259902
2.856971394278856,1.0250665143113329
2.860572114422885,1.0262675429723267
2.8641728345669133,1.0274713205223394
2.867773554710942,1.0286778562828254
2.871374274854971,1.029887159617476
2.8749749949989996,1.0310992399324577
2.8785757151430285,1.0323141066766544
2.8821764352870574,1.0335317693419084
2.8857771554310863,1.0347522374632658
2.889377875575115,1.035975520619222
2.8929785957191436,1.0372016284319692
2.8965793158631725,1.038430570567645
2.9001800360072014,1.0396623567365848
2.9037807561512303,1.040896996693573
2.9073814762952592,1.0421345002380982
2.9109821964392877,1.043374877214609
2.9145829165833166,1.0446181375127723
2.9181836367273455,1.0458642910677327
2.9217843568713744,1.0471133478603736
2.9253850770154033,1.0483653179175814
2.9289857971594317,1.0496202113125097
2.9325865173034606,1.0508780381648468
2.9361872374474896,1.0521388086410843
2.9397879575915185,1.0534025329547878
2.9433886777355474,1.0546692213668691
2.946989397879576,1.0559388841858612
2.9505901180236047,1.0572115317681943
2.9541908381676336,1.058487174518474
2.957791558311662,1.059765822889762
2.9613922784556914,1.0610474873838571
2.96499299859972,1.0623321785515807
2.9685937187437488,1.0636199069930623
2.9721944388877777,1.0649106833580273
2.975795159031806,1.066204518346088
2.979395879175835,1.067501422707035
2.982996599319864,1.0688014072411316
2.986597319463893,1.0701044827994106
2.9901980396079217,1.0714106602839724
2.99379875975195,1.072719950648285
2.997399479895979,1.0740323648974877
3.001000200040008,1.075347914088695
3.004600920184037,1.076666609331304
3.008201640328066,1.0779884617873032
3.0118023604720943,1.0793134826715844
3.015403080616123,1.0806416832522552
3.019003800760152,1.0819730748509557
3.0226045209041805,1.0833076688431764
3.02620524104821,1.0846454766585778
3.0298059611922383,1.0859865097813137
3.0334066813362672,1.087330779750356
3.037007401480296,1.088678298159821
3.0406081216243246,1.0900290766593006
3.044208841768354,1.0913831269541925
3.0478095619123824,1.0927404608060354
3.0514102820564113,1.0941010900328458
3.05501100220044,1.0954650265094568
3.0586117223444687,1.0968322821678596
3.062212442488498,1.0982028689975478
3.0658131626325265,1.099576799045864
3.0694138827765554,1.1009540844183483
3.0730146029205843,1.1023347372790906
3.0766153230646127,1.103718769851084
3.080216043208642,1.1051061944165819
3.0838167633526705,1.1064970233174576
3.0874174834966994,1.1078912689555653
3.0910182036407283,1.1092889437931055
3.094618923784757,1.1106900603529917
3.0982196439287857,1.1120946312192204
3.1018203640728146,1.1135026690372438
3.105421084216843,1.1149141865143453
3.1090218043608724,1.1163291964200168
3.112622524504901,1.1177477115863406
3.1162232446489297,1.119169744908372
3.1198239647929586,1.1205953093445267
3.123424684936987,1.1220244179169696
3.1270254050810165,1.123457083712007
3.130626125225045,1.1248933198804822
3.134226845369074,1.1263331396381728
3.1378275655131027,1.1277765562661919
3.141428285657131,1.1292235831113926
3.1450290058011605,1.130674233586774
3.148629725945189,1.1321285211718923
3.152230446089218,1.1335864594132725
3.1558311662332468,1.1350480619248255
3.1594318863772752,1.1365133423882672
3.1630326065213046,1.1379823145535404
3.166633326665333,1.1394549922392403
3.170234046809362,1.140931389333044
3.173834766953391,1.1424115197921412
3.1774354870974193,1.1438953976436703
3.181036207241448,1.1453830369851565
3.184636927385477,1.1468744519849534
3.188237647529506,1.148369656882688
3.191838367673535,1.1498686659897095
3.1954390878175634,1.1513714936895407
3.1990398079615923,1.1528781544383333
3.202640528105621,1.1543886627653268
3.2062412482496496,1.1559030332733102
3.209841968393679,1.1574212806390882
3.2134426885377074,1.15894341961395
3.2170434086817363,1.160469465024142
3.2206441288257652,1.1619994317713447
3.2242448489697937,1.1635333348331518
3.227845569113823,1.1650711892635548
3.2314462892578515,1.16661301019343
3.2350470094018804,1.1681588128310294
3.2386477295459093,1.169708612462476
3.2422484496899378,1.1712624244522623
3.245849169833967,1.1728202642437524
3.2494498899779956,1.1743821473596892
3.2530506101220245,1.1759480894027041
3.2566513302660534,1.1775181060558315
3.260252050410082,1.179092213083027
3.2638527705541107,1.1806704263296894
3.2674534906981396,1.182252761723187
3.2710542108421685,1.1838392352733884
3.2746549309861974,1.1854298630731965
3.278255651130226,1.1870246612990871
3.281856371274255,1.1886236462116524
3.2854570914182837,1.190226834156147
3.289057811562312,1.1918342415630405
3.2926585317063415,1.1934458849485723
3.29625925185037,1.1950617809153115
3.299859971994399,1.1966819461527218
3.3034606921384277,1.1983063974377306
3.307061412282456,1.1999351516353012
3.3106621324264855,1.201568225699012
3.314262852570514,1.2032056366716373
3.317863572714543,1.204847401685736
3.321464292858572,1.206493537964242
3.3250650130026003,1.2081440628210611
3.3286657331466296,1.2097989936616713
3.332266453290658,1.2114583479837298
3.335867173434687,1.2131221433776822
3.339467893578716,1.2147903975273793
3.3430686137227443,1.2164631282106966
3.3466693338667737,1.2181403533001598
3.350270054010802,1.2198220907635755
3.353870774154831,1.221508358664666
3.35747149429886,1.2231991751637101
3.3610722144428884,1.2248945585181887
3.3646729345869173,1.2265945270834353
3.368273654730946,1.2282990993132925
3.371874374874975,1.2300082937607728
3.375475095019004,1.2317221290787252
3.3790758151630325,1.233440624020508
3.3826765353070614,1.2351637974406653
3.3862772554510903,1.2368916682956101
3.3898779755951187,1.2386242556443137
3.393478695739148,1.240361578648998
3.3970794158831765,1.2421036565758372
3.4006801360272054,1.2438505087956613
3.4042808561712343,1.245602154784669
3.407881576315263,1.2473586141251432
3.411482296459292,1.2491199065061744
3.4150830166033206,1.25088605172439
3.4186837367473495,1.2526570696846882
3.4222844568913784,1.2544329804009786
3.425885177035407,1.2562138039969297
3.429485897179436,1.2579995607067214
3.4330866173234647,1.2597902708758044
3.4366873374674936,1.2615859549616655
3.4402880576115225,1.2633866335345993
3.443888777755551,1.2651923272784869
3.44748949789958,1.2670030569915793
3.4510902180436087,1.26881884358729
3.4546909381876376,1.2706397080949912
3.4582916583316665,1.2724656716608194
3.461892378475695,1.2742967555484854
3.465493098619724,1.276132981140093
3.469093818763753,1.2779743699369628
3.4726945389077812,1.2798209435604642
3.4762952590518106,1.2816727237528536
3.479895979195839,1.2835297323781203
3.483496699339868,1.2853919914228389
3.487097419483897,1.287259522997029
3.4906981396279253,1.2891323493350222
3.4942988597719546,1.2910104927963368
3.497899579915983,1.2928939758665596
3.501500300060012,1.2947828211582344
3.505101020204041,1.2966770514117594
3.5087017403480694,1.2985766894962916
3.5123024604920987,1.3004817584106583
3.515903180636127,1.3023922812842772
3.519503900780156,1.3043082813780842
3.523104620924185,1.306229782085469
3.5267053410682134,1.308156806933218
3.5303060612122428,1.3100893795824666
3.5339067813562712,1.312027523829659
3.5375075015003,1.3139712636075156
3.541108221644329,1.3159206229860099
3.5447089417883575,1.317875626173353
3.5483096619323864,1.3198362975169875
3.5519103820764153,1.3218026615045877
3.555511102220444,1.3237747427650717
3.559111822364473,1.3257525660696197
3.5627125425085016,1.3277361563327026
3.5663132626525305,1.3297255386131186
3.5699139827965594,1.3317207381150393
3.573514702940588,1.3337217801890648
3.577115423084617,1.3357286903332881
3.5807161432286456,1.3377414941943684
3.5843168633726745,1.339760217568614
3.5879175835167034,1.3417848864030757
3.591518303660732,1.3438155267966476
3.5951190238047612,1.3458521650011799
3.5987197439487897,1.3478948274225995
3.6023204640928186,1.3499435406220417
3.6059211842368475,1.351998331316992
3.609521904380876,1.3540592263824374
3.6131226245249053,1.356126252852027
3.6167233446689337,1.3581994379192455
3.6203240648129626,1.3602788089385947
3.6239247849569916,1.362364393426786
3.62752550510102,1.3644562190639447
3.631126225245049,1.3665543136948237
3.634726945389078,1.3686587053300288
3.6383276655331067,1.370769422147254
3.6419283856771356,1.372886492492529
3.645529105821164,1.375009944881478
3.649129825965193,1.3771398080005883
3.652730546109222,1.3792761107084917
3.6563312662532503,1.3814188820372564
3.6599319863972797,1.3835681511936924
3.663532706541308,1.3857239475606657
3.667133426685337,1.3878863006984279
3.670734146829366,1.3900552403459547
3.6743348669733944,1.3922307964222986
3.6779355871174237,1.3944129990279528
3.681536307261452,1.3966018784462282
3.685137027405481,1.3987974651446429
3.68873774754951,1.4009997897763233
3.6923384676935385,1.40320888318142
3.695939187837568,1.4054247763885348
3.6995399079815963,1.4076475006161615
3.703140628125625,1.4098770872741404
3.706741348269654,1.4121135679651253
3.7103420684136825,1.414356974486065
3.713942788557712,1.4166073388296971
3.7175435087017403,1.4188646931860576
3.7211442288457692,1.421129069944002
3.724744948989798,1.423400501692743
3.7283456691338266,1.4256790212234003
3.7319463892778555,1.427964661530567
3.7355471094218844,1.430257455813888
3.7391478295659133,1.4325574374796557
3.742748549709942,1.4348646401424183
3.7463492698539707,1.4371790976266057
3.7499499899979996,1.439500843968168
3.7535507101420285,1.4418299134162311
3.757151430286057,1.4441663404347673
3.7607521504300863,1.446510159704282
3.7643528705741147,1.4488614061235154
3.7679535907181436,1.4512201148111614
3.7715543108621725,1.4535863211076019
3.775155031006201,1.455960060576658
3.7787557511502303,1.4583413690073581
3.782356471294259,1.4607302824157216
3.7859571914382877,1.4631268370465609
3.7895579115823166,1.4655310693753003
3.793158631726345,1.4679430161098115
3.7967593518703744,1.4703627141922675
3.800360072014403,1.4727902008010139
3.8039607921584317,1.475225513352458
3.8075615123024606,1.4776686895029771
3.811162232446489,1.4801197671508433
3.814762952590518,1.4825787844381684
3.818363672734547,1.4850457797528673
3.821964392878576,1.4875207917306401
3.8255651130226047,1.490003859256973
3.829165833166633,1.4924950214691601
3.832766553310662,1.494994317758343
3.836367273454691,1.4975017877715708
3.8399679935987194,1.5000174714138825
3.8435687137427488,1.5025414088504054
3.8471694338867772,1.505073640508478
3.850770154030806,1.5076142070797909
3.854370874174835,1.5101631495225514
3.8579715943188635,1.5127205090636664
3.861572314462893,1.5152863272009494
3.8651730346069213,1.5178606457053476
3.86877375475095,1.5204435066231918
3.872374474894979,1.523034952278468
3.8759751950390076,1.5256350252751127
3.879575915183037,1.5282437684993293
3.8831766353270654,1.5308612251219287
3.8867773554710943,1.533487438600693
3.890378075615123,1.5361224526827624
3.8939787957591516,1.538766311407047
3.897579515903181,1.5414190591066612
3.9011802360472094,1.5440807404113839
3.9047809561912383,1.5467514002501423
3.9083816763352672,1.549431083853522
3.9119823964792957,1.5521198367563005
3.9155831166233246,1.5548177048000091
3.9191838367673535,1.5575247341355174
3.9227845569113824,1.5602409712256462
3.9263852770554113,1.5629664628478068
3.9299859971994398,1.565701256096666
3.9335867173434687,1.5684453983868394
3.9371874374874976,1.571198937455611
3.940788157631526,1.5739619213656824
3.9443888777755554,1.5767343985079476
3.947989597919584,1.5795164176042988
3.9515903180636127,1.5823080277104593
3.9551910382076416,1.5851092782188458
3.95879175835167,1.5879202188614612
3.9623924784956994,1.590740899712816
3.965993198639728,1.593571371192881
3.969593918783757,1.5964116840700693
3.9731946389277857,1.5992618894642505
3.976795359071814,1.6021220388497956
3.9803960792158435,1.6049921840586536
3.983996799359872,1.6078723772834604
3.987597519503901,1.6107626710806802
3.9911982396479297,1.6136631183737793
3.994798959791958,1.616573772456434
3.998399679935987,1.6194946869957714
4.002000400080016,1.6224259160356445
4.0056011202240445,1.625367513999942
4.009201840368074,1.6283195356959335
4.012802560512102,1.631282036317649
4.016403280656132,1.634255071449295
4.02000400080016,1.6372386970687063
4.0236047209441885,1.6402329695508353
4.027205441088217,1.6432379456712778
4.030806161232246,1.6462536826098364
4.034406881376276,1.6492802379541225
4.038007601520304,1.6523176697031965
4.041608321664333,1.6553660362712472
4.045209041808361,1.6584253964913103
4.04880976195239,1.6614958096190278
4.05241048209642,1.664577335336447
4.056011202240448,1.6676700337558616
4.059611922384477,1.670773965423693
4.063212642528505,1.6738891913244152
4.0668133626725345,1.6770157728845208
4.070414082816564,1.6801537719765316
4.074014802960592,1.6833032509230523
4.077615523104621,1.6864642725008683
4.081216243248649,1.689636899945088
4.0848169633926785,1.6928211969533316
4.088417683536708,1.6960172276899654
4.092018403680736,1.6992250567903824
4.095619123824765,1.7024447493653299
4.099219843968793,1.705676371005286
4.102820564112823,1.7089199877848833
4.106421284256852,1.7121756662673822
4.11002200440088,1.715443473509194
4.113622724544909,1.7187234770644535
4.117223444688937,1.7220157449896443
4.120824164832967,1.7253203458482735
4.124424884976996,1.7286373487156004
4.1280256051210245,1.7319668231834173
4.131626325265053,1.7353088393648848
4.135227045409081,1.7386634678994204
4.138827765553111,1.742030779957643
4.14242848569714,1.7454108472463734
4.1460292058411685,1.7488037420136904
4.149629925985197,1.752209537054045
4.153230646129225,1.7556283057134325
4.156831366273255,1.759060121894624
4.160432086417284,1.7625050600624557
4.164032806561313,1.7659631952491808
4.167633526705341,1.7694346030598813
4.1712342468493695,1.772919359677943
4.174834966993399,1.7764175418705912
4.178435687137427,1.779929226994493
4.182036407281457,1.7834544930014218
4.185637127425485,1.7869934184439882
4.189237847569514,1.7905460824814379
4.192838567713543,1.7941125648855152
4.196439287857571,1.7976929460463964
4.200040008001601,1.8012873069786908
4.203640728145629,1.8048957293275125
4.207241448289658,1.8085182953746233
4.210842168433686,1.8121550880446469
4.214442888577715,1.8158061909113565
4.218043608721745,1.8194716882040363
4.221644328865773,1.8231516648139168
4.225245049009802,1.8268462063006887
4.22884576915383,1.8305553988990906
4.2324464892978595,1.8342793295255773
4.236047209441889,1.8380180857850656
4.239647929585917,1.841771755977762
4.243248649729946,1.8455404291060693
4.246849369873974,1.8493241948815782
4.250450090018004,1.8531231437321416
4.254050810162033,1.8569373668090332
4.257651530306061,1.8607669559941928
4.26125225045009,1.8646120039075584
4.264852970594118,1.868472603914487
4.268453690738148,1.872348850133265
4.272054410882177,1.87624083744271
4.275655131026205,1.8801486614898633
4.279255851170234,1.8840724186977784
4.282856571314262,1.8880122062734022
4.286457291458292,1.8919681222155533
4.290058011602321,1.8959402653229986
4.2936587317463495,1.899928735202627
4.297259451890378,1.903933632277726
4.300860172034406,1.9079550577963578
4.304460892178436,1.9119931138398403
4.308061612322465,1.9160479033313325
4.3116623324664936,1.9201195300445262
4.315263052610522,1.9242080986124448
4.3188637727545505,1.9283137145363534
4.32246449289858,1.9324364841947776
4.326065213042609,1.9365765148526373
4.329665933186638,1.9407339146704923
4.333266653330666,1.9449087927139064
4.3368673734746945,1.9491012589629273
4.340468093618724,1.9533114243216863
4.344068813762753,1.95753940062812
4.347669533906782,1.9617853006638137
4.35127025405081,1.9660492381639707
4.354870974194839,1.970331327827507
4.358471694338868,1.9746316853272754
4.362072414482896,1.97895042732042
4.365673134626926,1.983287671458862
4.369273854770954,1.9876435363999219
4.372874574914983,1.9920181418170744
4.376475295059012,1.9964116084108459
4.3800760152030405,2.0008240579198495
4.38367673534707,2.0052556131319643
4.387277455491098,2.0097063978956573
4.390878175635127,2.0141765371314544
4.394478895779155,2.0186661568435595
4.3980796159231845,2.0231753841316253
4.401680336067214,2.0277043472026772
4.405281056211242,2.032253175383194
4.408881776355271,2.0368219991313463
4.412482496499299,2.0414109500493964
4.416083216643329,2.046020160896262
4.419683936787358,2.0506497656002436
4.423284656931386,2.0552998992719225
4.426885377075415,2.0599706982172297
4.430486097219443,2.0646622999506863
4.434086817363473,2.0693748432088226
4.437687537507502,2.074108467963776
4.4412882576515305,2.0788633154370695
4.444888977795559,2.083639528113576
4.448489697939587,2.088437249755669
4.452090418083617,2.093256625417567
4.455691138227646,2.0980978014598666
4.4592918583716745,2.1029609255642776
4.462892578515703,2.1078461467485528
4.466493298659731,2.1127536153816244
4.470094018803761,2.1176834831989453
4.47369473894779,2.1226359033180393
4.477295459091819,2.127611030254265
4.480896179235847,2.132609019936794
4.4844968993798755,2.137630029724812
4.488097619523905,2.1426742184239407
4.491698339667934,2.1477417463028856
4.495299059811963,2.152832775110317
4.498899779955991,2.157947468091983
4.50250050010002,2.163085990008061
4.506101220244049,2.1682485071507513
4.509701940388078,2.1734351873621165
4.513302660532107,2.1786462000521696
4.516903380676135,2.1838817162172175
4.520504100820164,2.1891419084584616
4.524104820964193,2.1944269510008607
4.527705541108221,2.19973701971226
4.531306261252251,2.2050722921227925
4.534906981396279,2.2104329474445543
4.538507701540308,2.2158191665915608
4.542108421684337,2.221231132199988
4.5457091418283655,2.2266690286487014
4.549309861972395,2.232133042080082
4.552910582116423,2.237623360421148
4.556511302260452,2.2431401734049854
4.560112022404481,2.248683672592482
4.56371274254851,2.2542540513943816
4.567313462692539,2.2598515050936547
4.570914182836567,2.2654762308681957
4.574514902980596,2.271128427813851
4.578115623124624,2.2768082969677836
4.581716343268654,2.282516041332179
4.585317063412683,2.2882518658982995
4.588917783556711,2.2940159776708957
4.59251850370074,2.299808585692973
4.596119223844768,2.305629901070927
4.599719943988798,2.311480137000053
4.603320664132827,2.317359508790433
4.6069213842768555,2.323268233893208
4.610522104420884,2.329206531927244
4.614122824564912,2.335174624706198
4.617723544708942,2.341172736265988
4.621324264852971,2.347201092892677
4.6249249849969996,2.353259923150782
4.628525705141028,2.359349457912004
4.6321264252850565,2.365469930384399
4.635727145429086,2.371621576141992
4.639327865573115,2.37780463315484
4.642928585717144,2.384019341819556
4.646529305861172,2.390265944990301
4.6501300260052005,2.39654468801025
4.65373074614923,2.402855818743546
4.657331466293259,2.4091995876077434
4.660932186437288,2.4155762476067566
4.664532906581316,2.421986054364318
4.668133626725345,2.4284292661579565
4.671734346869374,2.434906143953509
4.675335067013403,2.441416951440166
4.678935787157432,2.447961955066073
4.68253650730146,2.454541424074487
4.686137227445489,2.4611556305405036
4.689737947589518,2.4678048494083673
4.693338667733547,2.4744893585293704
4.696939387877576,2.4812094387003527
4.700540108021604,2.487965373702819
4.704140828165633,2.494757450342677
4.707741548309662,2.5015859584906126
4.7113422684536905,2.5084511911231164
4.71494298859772,2.515353444364166
4.718543708741748,2.5222930175275837
4.722144428885777,2.529270213160081
4.725745149029806,2.5362853370849985
4.729345869173835,2.5433386984467603
4.732946589317864,2.5504306097560523
4.736547309461892,2.5575613869357405
4.740148029605921,2.564731349367542
4.74374874974995,2.571940819939465
4.747349469893979,2.5791901250940277
4.750950190038008,2.5864795948772814
4.7545509101820365,2.593809562988641
4.758151630326065,2.601180366831545
4.761752350470093,2.608592347564965
4.765353070614123,2.6160458501557704
4.768953790758152,2.623541223431976
4.7725545109021805,2.6310788201368838
4.776155231046209,2.6386589969841365
4.779755951190237,2.6462821147137054
4.783356671334267,2.6539485381488244
4.786957391478296,2.661658636253894
4.790558111622325,2.6694127821933744
4.794158831766353,2.677211353391683
4.7977595519103815,2.6850547315941222
4.801360272054411,2.692943302928854
4.80496099219844,2.7008774579699444
4.808561712342469,2.7088575918014968
4.812162432486497,2.7168841040829017
4.815763152630526,2.7249573991152194
4.819363872774555,2.733077885908722
4.822964592918584,2.7412459782516185
4.826565313062613,2.7494620947799833
4.830166033206641,2.7577266590489202
4.83376675335067,2.766040099604981
4.837367473494699,2.7744028500598654
4.840968193638728,2.7828153491654324
4.844568913782757,2.7912780408900457
4.848169633926785,2.799791374496286
4.851770354070814,2.8083558046200534
4.855371074214843,2.8169717913510928
4.858971794358872,2.825639800314971
4.862572514502901,2.8343603027565365
4.866173234646929,2.8431337756248927
4.869773954790958,2.8519607016599156
4.873374674934987,2.8608415694803537
4.8769753950790165,2.869776873673537
4.880576115223045,2.878767114886734
4.884176835367073,2.887812799920192
4.887777555511102,2.896914441821895
4.891378275655131,2.906072559984076
4.89497899579916,2.9152876802415273
4.898579715943189,2.924560334971739
4.902180436087217,2.9338910631969117
4.905781156231246,2.943280410687885
4.909381876375275,2.952728930070019
4.912982596519304,2.9622371809310737
4.916583316663333,2.9718057299311367
4.9201840368073615,2.9814351509146326
4.92378475695139,2.991126025024471
4.927385477095419,3.0008789408183745
4.930986197239448,3.0106944943874394
4.934586917383477,3.0205732894769763
4.938187637527506,3.030515937609683
4.941788357671534,3.040523058211203
4.9453890778155625,3.050595278738121
4.948989797959592,3.060733234808457
4.952590518103621,3.0709375703347077
4.95619123824765,3.0812089376594995
4.959791958391678,3.0915479976939104
4.9633926785357065,3.1019554200585233
4.966993398679736,3.1124318832272735
4.970594118823765,3.1229780746741542
4.974194838967794,3.1335946910228496
4.977795559111822,3.1442824381993577
4.981396279255851,3.1550420315876813
4.98499699939988,3.165874196188651
4.988597719543909,3.176779666781961
4.992198439687938,3.187759188091486
4.995799159831966,3.198813514953966
4.999399879975995,3.209943412491132
5.003000600120024,3.221149656285357
5.006601320264053,3.23243303255892
5.010202040408082,3.2437943383569627
5.01380276055211,3.255234381734237
5.017403480696139,3.266753981945726
5.021004200840168,3.2783539696412416
5.024604920984197,3.290035187064087
5.028205641128226,3.3017984882538904
5.031806361272254,3.3136447392537085
5.035407081416283,3.3255748183215066
5.039007801560312,3.337589616146123
5.0426085217043415,3.3496900360678277
5.04620924184837,3.361876994303594
5.049809961992398,3.3741514201771956
5.053410682136427,3.386514256354251
5.057011402280456,3.3989664590823474
5.0606121224244855,3.411508998436359
5.064212842568514,3.424142858569103
5.0678135627125425,3.4368690379674645
5.071414282856571,3.4496885497141276
5.0750150030006,3.4626024217550624
5.078615723144629,3.4756116971729094
5.082216443288658,3.48871743446642
5.0858171634326865,3.5019207078361037
5.089417883576715,3.515222607476248
5.093018603720744,3.5286242398734755
5.096619323864773,3.5421267281120103
5.100220044008802,3.555731212185829
5.103820764152831,3.569438849317879
5.107421484296859,3.583250814286551
5.111022204440888,3.5971682997595984
5.114622924584917,3.6111925166357044
5.118223644728946,3.6253246943938975
5.121824364872975,3.6395660814510324
5.125425085017003,3.653917945527548
5.129025805161032,3.668381574021732
5.132626525305061,3.6829582743927203
5.13622724544909,3.697649374552471
5.139827965593119,3.7124562232669605
5.143428685737147,3.7273801905668535
5.147029405881176,3.7424226681679102
5.150630126025205,3.7575850699013986
5.154230846169234,3.772868832154796
5.157831566313263,3.788275414323061
5.161432286457291,3.8038062992707773
5.16503300660132,3.819462993805476
5.168633726745349,3.8352470291624474
5.172234446889378,3.8511599615013785
5.175835167033407,3.8672033724151444
5.179435887177435,3.883378869451107
5.183036607321464,3.89968808664528
5.186637327465493,3.9161326850697322
5.1902380476095225,3.9327143533936106
5.193838767753551,3.9494348084581867
5.197439487897579,3.9662957958663267
5.201040208041608,3.983299090586819
5.204640928185637,4.00044649757399
5.2082416483296665,4.017739852403066
5.211842368473695,4.035181021921746
5.215443088617723,4.052771904918472
5.219043808761752,4.0705144328079
5.222644528905781,4.0884105703340845
5.226245249049811,4.106462316291915
5.229845969193839,4.124671704267363
5.2334466893378675,4.143040803397105
5.237047409481896,4.1615717191481325
5.240648129625925,4.180266594117937
5.244248849769955,4.199127608855934
5.247849569913983,4.218156982706777
5.251450290058012,4.237356974676228
5.25505101020204,4.256729884320319
5.258651730346069,4.276278052658521
5.262252450490098,4.296003863111675
5.265853170634127,4.315909742465496
5.269453890778156,4.335998161860432
5.273054610922184,4.356271637808753
5.276655331066213,4.376732733239732
5.280256051210242,4.397384058573826
5.283856771354271,4.418228272826812
5.2874574914983,4.4392680847448345
5.291058211642328,4.460506253971404
5.2946589317863575,4.481945592247384
5.298259651930386,4.503588964645056
5.301860372074415,4.525439290837409
5.305461092218444,4.547499546403826
5.309061812362472,4.569772764173384
5.312662532506501,4.5922620356070425
5.31626325265053,4.614970512220045
5.319863972794559,4.637901407045886
5.323464692938588,4.661057996143295
5.327065413082616,4.684443620147684
5.330666133226645,4.708061685868626
5.334266853370674,4.731915667934946
5.337867573514703,4.7560091104890985
5.341468293658732,4.780345628932547
5.34506901380276,4.804928911723965
5.348669733946789,4.829762722232109
5.352270454090818,4.854850900645333
5.3558711742348475,4.880197365939754
5.359471894378876,4.9058061179081935
5.363072614522904,4.9316812392520895
5.366673334666933,4.957826897738665
5.370274054810962,4.9842473484257415
5.3738747749549916,5.010946935956696
5.37747549509902,5.037930096928123
5.3810762152430485,5.065201362332936
5.384676935387077,5.0927653600816996
5.388277655531106,5.1206268176051415
5.391878375675136,5.148790564540901
5.395479095819164,5.177261535507718
5.3990798159631925,5.206044772970387
5.402680536107221,5.2351454301989655
5.40628125625125,5.264568774325872
5.40988197639528,5.294320189504655
5.413482696539308,5.324405180174428
5.417083416683337,5.354829374434068
5.420684136827365,5.385598527530554
5.424284856971394,5.416718525465934
5.427885577115424,5.448195388727669
5.431486297259452,5.480035276147294
5.435087017403481,5.512244488892578
5.438687737547509,5.544829474598589
5.4422884576915385,5.577796831643339
5.445889177835567,5.611153313573939
5.449489897979596,5.644905833689473
5.453090618123625,5.6790614697871025
5.456691338267653,5.713627469078222
5.4602920584116825,5.748611253281799
5.463892778555711,5.784020423902393
5.46749349869974,5.81986276770072
5.471094218843769,5.856146262364973
5.474694938987797,5.892879082391563
5.478295659131827,5.930069605184335
5.481896379275855,5.967726417381794
5.485497099419884,6.005858321422317
5.489097819563913,6.044474342357875
5.492698539707941,6.083583734927276
5.49629925985197,6.12319599090055
5.499899979995999,6.163320846706636
5.5035007001400285,6.203968291357228
5.507101420284057,6.245148574680234
5.510702140428085,6.286872215877075
5.514302860572114,6.329150012418733
5.517903580716143,6.37199304929632
5.5215043008601725,6.415412708642706
5.525105021004201,6.459420679742708
5.528705741148229,6.504028969450216
5.532306461292258,6.549249913031702
5.535907181436287,6.595096185456573
5.539507901580317,6.641580813155975
5.543108621724345,6.688717186272881
5.5467093418683735,6.736519071427526
5.550310062012402,6.7850006250236525
5.553910782156431,6.834176407122458
5.557511502300461,6.884061395912662
5.561112222444489,6.934671002806779
5.564712942588518,6.986021088195391
5.568313662732546,7.038127977893099
5.571914382876575,7.0910084803118085
5.575515103020605,7.1446799043991005
5.579115823164633,7.199160078381723
5.582716543308662,7.254467369356632
5.58631726345269,7.31062070377457
5.589917983596719,7.367639588863948
5.593518703740749,7.4255441350457145
5.597119423884777,7.484355079393043
5.600720144028806,7.544093810193042
5.604320864172834,7.604782392671286
5.6079215843168635,7.666443595943834
5.611522304460893,7.72910092126553
5.615123024604921,7.792778631647831
5.61872374474895,7.857501782924159
5.622324464892978,7.923296256345898
5.625925185037008,7.990188792797637
5.629525905181036,8.058207028726178
5.633126625325065,8.12737953388417
5.636727345469094,8.19773585099607
5.640328065613122,8.269306537461487
5.643928785757152,8.342123209218899
5.64752950590118,8.416218586901275
5.651130226045209,8.491626544424369
5.654730946189238,8.568382160158395
5.658331666333266,8.646521770844553
5.661932386477296,8.726083028429507
5.665533106621324,8.807104960003475
5.6691338267653535,8.889628031041212
5.672734546909382,8.973694212159906
5.67633526705341,9.059347049623973
5.679935987197439,9.146631739844103
5.683536707341468,9.235595208136663
5.6871374274854976,9.32628619203005
5.690738147629526,9.418755329426792
5.6943388677735545,9.513055251954341
5.697939587917583,9.60924068386385
5.701540308061612,9.707368546864886
5.705141028205642,9.807498071315308
5.70874174834967,9.909690914219698
5.7123424684936985,10.014011284526994
5.715943188637727,10.120526076258779
5.719543908781756,10.229305010044293
5.723144628925786,10.340420783687115
5.726745349069814,10.453949232442064
5.730346069213843,10.569969499739647
5.733946789357871,10.688564219160037
5.7375475095019,10.809819708529517
5.74114822964593,10.933826177090578
5.744748949789958,11.060677946782937
5.748349669933987,11.19047368876774
5.751950390078015,11.323316676432144
5.7555511102220445,11.459315056227297
5.759151830366074,11.598582137821118
5.762752550510102,11.741236705189285
5.766353270654131,11.88740335042546
5.769953990798159,12.037212832226786
5.7735547109421885,12.19080246120519
5.777155431086218,12.34831651439162
5.780756151230246,12.50990668154166
5.784356871374275,12.675732546120344
5.787957591518303,12.845962104145006
5.791558311662333,13.020772324401802
5.795159031806362,13.20034975392907
5.79875975195039,13.38489117308424
5.802360472094419,13.574604304987155
5.805961192238447,13.7697085846685
5.809561912382477,13.970435993856237
5.813162632526505,14.17703196801506
5.8167633526705345,14.389756383025475
5.820364072814563,14.60888462976317
5.823964792958591,14.834708785831392
5.827565513102621,15.067538894826825
5.831166233246649,15.30770436480408
5.8347669533906785,15.555555499069769
5.838367673534707,15.811465174113197
5.841968393678735,16.0758306814008
5.845569113822765,16.34907575196578
5.849169833966793,16.63165278526035
5.852770554110823,16.92404530666166
5.856371274254851,17.226770681401188
5.8599719943988795,17.5403831166005
5.863572714542908,17.865476987639674
5.867173434686937,18.20269053037268
5.870774154830967,18.552709946874632
5.874374874974995,18.916273979625352
5.877975595119024,19.294179017503826
5.881576315263052,19.687284806933345
5.885177035407081,20.096520853276544
5.888777755551111,20.5228936114979
5.892378475695139,20.96749458163744
5.895979195839168,21.431509444326693
5.899579915983196,21.91622839511062
5.903180636127225,22.423057864568825
5.906781356271255,22.953533845218086
5.910382076415283,23.509337087258327
5.913982796559312,24.092310475074434
5.91758351670334,24.704478957151434
5.9211842368473695,25.348072476404774
5.924784956991399,26.025552439329722
5.928385677135427,26.73964237528328
5.931986397279456,27.493363577385384
5.935587117423484,28.290076691455813
5.939187837567514,29.13353043890461
5.942788557711543,30.027918936509348
5.946389277855571,30.97794942772971
5.9499899979996,31.98892268962022
5.953590718143628,33.066828957501215
5.957191438287658,34.21846295846497
5.960792158431687,35.4515626222835
5.964392878575715,36.77497732424972
5.967993598719744,38.19887322053994
5.971594318863772,39.73498552035025
5.975195039007802,41.396930625059895
5.978795759151831,43.20059527735837
5.9823964792958595,45.16462567658793
5.985997199439888,47.311047632251245
5.989597919583916,49.66606029957484
5.993198639727946,52.2610624760821
5.996799359871974,55.133994326854804
6.000400080016004,58.33111267757014
6.004000800160032,61.909370986737315
6.0076015203040605,65.93965615604611
6.01120224044809,70.5112608859071
6.014802960592118,75.73817233964478
6.018403680736148,81.76808855408947
6.022004400880176,88.79563021534585
6.0256051210242045,97.08217991605315
6.029205841168234,106.98651198853035
6.032806561312262,119.01360558706591
6.036407281456292,133.89533216897541
6.04000800160032,152.72963471422537
6.043608721744349,177.23296599664135
6.047209441888378,210.22649795994118
6.050810162032406,256.64356537938403
6.054410882176435,325.81527990076506
6.058011602320464,437.29043255973613
6.061612322464493,638.0820015031126
6.065213042608522,1065.5784512579874
6.0688137627525505,2257.72318041136
6.072414482896579,7609.325157649894
6.076015203040608,68398.38828617243
6.079615923184637,4979978.449465684
6.083216643328666,26041537168.257683
