(0) init_L2,(1) alpha,(2) t_FP
2.231239200310474,0.1220013769879191,8.72072072072072
2.3617977373419574,0.2961474855405872,8.702702702702702
1.558240267583696,0.4730082669793972,9.207207207207208
0.9456372791005446,0.3991669630448233,10.468468468468467
0.6026353899764902,0.7022558690733609,12.144144144144144
0.509370187419945,0.0808669873843556,14.0
0.745232159316897,1.1806644123157264,11.027027027027026
1.073654593877423,0.5036283909193231,10.01801801801802
0.8625975344313388,1.130104601502286,10.55855855855856
1.7607597572208198,0.3950315157364708,9.027027027027028
1.6241016719365453,0.9349809338613362,9.513513513513512
0.4214996255409939,1.288520599926076,13.873873873873874
0.3988628839675523,1.4768358649480349,14.414414414414416
0.4558950401242129,1.2530392303634943,13.36936936936937
1.3138010390235644,0.897892862296503,9.585585585585584
2.129650980705845,0.1651021166638225,8.774774774774775
1.271654596548128,1.193673343756449,10.18018018018018
1.0491441136491677,0.6249140603428831,10.036036036036036
1.3865151564724774,0.3306276970114364,9.45945945945946
0.3742619374361638,0.3633282328848986,16.216216216216218
0.3038960547385361,0.3188971477339382,18.774774774774773
1.739919840233297,0.2062296206180974,9.063063063063062
1.0026848446917906,0.7166925398739226,10.126126126126126
1.4212287228411729,0.534714484663458,9.35135135135135
0.6217306703544712,1.4536206355023773,12.036036036036036
0.985873430968366,0.1009734488266487,10.576576576576576
1.671973094704262,0.5884497845820242,9.117117117117118
1.7187660938208158,0.3843720400546766,9.063063063063062
0.6432966427331619,0.0636828350670424,12.522522522522522
0.4828211754810455,1.4202928886712236,13.0990990990991
0.5536068207554865,0.8150371791401074,12.504504504504505
1.6025778256770773,0.2025829562483866,9.207207207207208
0.7523521579973478,0.5420635561063093,11.243243243243244
1.0208597660093357,0.8670503027910643,10.054054054054054
0.6928439883604776,0.0801095740872633,12.108108108108109
0.6698784964179899,1.0610811721096836,11.405405405405403
0.6089636236322071,0.8837980464064913,11.927927927927929
0.6569852614635951,0.129673425390937,12.324324324324325
0.497472393487178,0.8428527971302526,13.117117117117116
1.782835435710781,0.4945475704271849,9.027027027027028
0.985477393022123,0.5363761789909982,10.252252252252251
0.7173772639074341,1.1471976197120235,11.153153153153154
0.9729537611032356,0.0184063311946923,10.684684684684685
0.651559062601626,1.3707881229043766,11.675675675675675
0.2944448111871331,0.8167999187907327,17.90990990990991
1.4436932103570823,0.0595753992586548,9.495495495495495
1.3743536653200277,0.1862341744754571,9.54954954954955
0.5238336268331445,0.8193029363006038,12.81081081081081
1.7653745264367346,0.8479943519705986,9.35135135135135
1.1284137158048542,0.3123165321579013,9.98198198198198
2.027172578160484,0.0458910602560812,8.864864864864865
1.1771497902501191,0.8958653032184982,9.747747747747749
0.8823368265281208,0.7874929911210132,10.486486486486486
2.435185015551654,0.2345064505014929,8.64864864864865
1.6372185329708082,0.1075147248840449,9.207207207207208
1.555195347897068,0.3026844794037646,9.243243243243242
0.6874905885562949,0.3434184799955014,11.83783783783784
0.45363677761144,0.914165389941147,13.657657657657657
0.4345681838353044,0.5803326955510529,14.468468468468467
1.2106437416607674,0.1059537309322125,9.927927927927929
1.6955149773336449,0.3207101446135686,9.08108108108108
2.46264529991401,0.0183605762894857,8.612612612612612
0.5599577231162443,0.3975444329283182,12.91891891891892
1.0218859910973674,1.0804525453642573,10.126126126126126
0.532116761026157,0.0341784860777019,13.747747747747749
2.0602513157347864,0.2070053895049872,8.81081081081081
0.4734731179325843,0.5041831480240717,13.90990990990991
1.2338356469608944,0.4330711213209887,9.693693693693692
0.7895249822205236,1.241524903166816,10.9009009009009
1.3798379518135526,0.1057837990765005,9.585585585585584
0.937000882723667,0.2021568615446131,10.666666666666666
0.5071976178952529,1.2226249482597007,12.72072072072072
2.0189043761335603,0.8178529704600987,9.44144144144144
0.4013947411725652,0.2649364473510432,15.711711711711713
1.0804075162697049,1.2675400177928091,10.414414414414416
0.6465405290581951,1.441793394582663,11.855855855855856
1.7718925667870966,0.8912911508836663,9.45945945945946
2.1635573588826,0.7399584171840954,9.315315315315315
0.3614201118687848,1.3770005205442075,15.045045045045043
1.0960250926915347,0.1376110739729655,10.1981981981982
0.6461830118788553,0.7083739926894558,11.783783783783784
1.9370925453129308,0.8481624727991544,9.477477477477478
2.1232657589618658,0.6763957307161739,9.117117117117118
0.9421889742296584,1.193157457611754,10.414414414414416
1.972511483884026,0.7750361567931581,9.27927927927928
0.8139320617161155,0.6063032678474141,10.864864864864863
2.3337203163686,0.8205041201105048,10.792792792792794
1.4391476763836115,0.1249488989058026,9.477477477477478
0.8510816168850353,1.235417145616576,10.684684684684685
0.608063556910228,1.5428801964658472,12.63063063063063
1.8774792440360737,0.0164339583678591,8.99099099099099
0.6774712207086622,0.3558658124417892,11.90990990990991
1.6319196609247633,0.0480745263296473,9.243243243243242
0.6516327437895231,1.409639802528036,11.747747747747749
1.9396250296339372,0.33722041348728,8.9009009009009
1.3361477586892188,0.606987980690969,9.477477477477478
1.3875967064976908,0.0878605884794605,9.585585585585584
1.5302696356935266,0.4535135660514265,9.243243243243242
2.392196939896878,0.7285352288400768,9.675675675675675
1.2048327729309607,0.9157088241864768,9.72972972972973
1.679319225764829,0.5607173261548587,9.0990990990991
0.3619139213110711,0.2858009189538736,16.73873873873874
2.337798458610207,0.6803493688464795,9.297297297297298
1.5472020420880903,0.1622376710877612,9.297297297297298
0.3858317988433563,0.0528285833405865,16.486486486486484
0.5065558631651712,1.0902585118229955,12.792792792792794
2.3151906018425734,0.3466235646280383,8.73873873873874
0.7195385868084938,0.6435480353749305,11.35135135135135
2.058564383981639,0.5375827090162579,8.91891891891892
0.4315128587900216,1.3793975357958397,13.747747747747749
0.7627358151281438,1.5074577515301044,12.036036036036036
2.24652288105156,0.3380510162672183,8.756756756756758
1.366006373135101,1.0349090365453872,9.711711711711713
2.130938572070789,0.6077171621418536,9.00900900900901
2.252840063838192,0.4260282300177371,8.81081081081081
1.957493964104381,0.9739552529988856,10.72072072072072
1.5643914586341423,0.9556515373517256,9.54954954954955
0.9288824694522336,0.6411845543444427,10.37837837837838
0.6897268851621317,0.5612633825799589,11.603603603603604
1.047105203711301,0.0455507437075753,10.414414414414416
2.164786508898114,0.8208239551787146,9.747747747747749
1.5429842744626168,1.123661627280958,10.324324324324325
2.357157980137443,0.45109499911605,8.82882882882883
1.83605084359211,0.991372585819972,10.144144144144144
0.2736877273093599,0.8962567445311374,18.64864864864865
1.6128469080761134,0.3732658848474229,9.153153153153152
1.0485502274226266,0.2470946493645615,10.252252252252251
0.4425884512112457,0.1927846146615039,14.954954954954957
0.4686942298593993,0.5739732046326632,13.891891891891891
1.1170710724437298,0.5035798108733573,9.90990990990991
0.981017540469302,0.1662585422422785,10.54054054054054
2.354267799475814,0.4626102418965401,8.82882882882883
1.4891345526746935,0.901260451771353,9.45945945945946
0.7669804860962435,0.0768481966496134,11.603603603603604
0.487286650672957,0.6429338450421693,13.513513513513514
1.464683298513201,0.3597531553228629,9.333333333333332
0.57668535492302,0.7224656841917929,12.36036036036036
1.2953642222540065,0.1629096741860821,9.711711711711713
0.9921065006324298,0.7033014464692295,10.16216216216216
0.6365652108561484,0.2329504669440575,12.37837837837838
1.8010354573438,1.0082241836430326,10.18018018018018
2.37493873422376,0.3204635000530374,8.72072072072072
0.8348210268863682,1.3676453695526964,11.00900900900901
1.2899215871638336,1.004568509940946,9.711711711711713
0.3972151119397546,1.4481503626620718,14.396396396396396
1.890357560856042,0.7135006943906259,9.135135135135137
2.1307123302064204,0.2714919047188719,8.774774774774775
0.8101554611442221,1.403271287040778,11.18918918918919
2.4833690814176275,0.4911324048744316,8.9009009009009
0.5682672498314678,0.7913484938043372,12.37837837837838
0.8942136007426313,1.01535871771157,10.414414414414416
2.010806601020977,0.7352432797768089,9.207207207207208
0.3890348606424301,1.262246015153992,14.468468468468467
1.3242387529255877,0.4792156343988829,9.513513513513512
0.5547209107165185,1.1449908859411493,12.27027027027027
2.452597347107639,0.0130593883447608,8.612612612612612
0.5190909272148564,1.404133466055407,12.702702702702702
1.7285097358453676,0.0331372772175814,9.135135135135137
0.3744100507821127,1.3173479380929642,14.756756756756756
1.095358117996155,0.3524296600551344,10.054054054054054
2.02490253275708,0.7605556651322422,9.26126126126126
1.054198795341458,0.4060246232027429,10.126126126126126
2.412602455831541,0.2395071033053192,8.666666666666668
0.8271410857085398,0.5400701018337344,10.846846846846846
2.2723630928596905,0.3961848381933056,8.774774774774775
1.181436279012621,0.0104989628615935,10.072072072072071
1.4520355360487336,0.2533139196764581,9.387387387387388
0.6591771492366736,0.4871860190391054,11.90990990990991
1.4003556179716368,0.2955626503029611,9.45945945945946
1.2037737221912943,0.363992167403743,9.783783783783782
0.6688349142888703,1.181197119793079,11.423423423423424
1.5714953359850443,0.226111660392615,9.243243243243242
0.7743641781700994,1.4009335555999631,11.26126126126126
0.5608362887015508,1.5198014729328904,12.702702702702702
2.374516873019662,0.5987474383283742,9.08108108108108
2.2163925932825608,0.6490219512737663,9.0990990990991
0.5646371236322423,0.6167398216138678,12.594594594594597
1.6524536678151522,0.9205776877120256,9.477477477477478
0.3137723781579371,1.5060111335743631,16.504504504504503
1.046922864735525,0.3300009057408615,10.1981981981982
1.4228665010349832,0.1422295663710968,9.495495495495495
0.4577568507680021,1.0381431645727168,13.45945945945946
1.834564185334904,0.9477497188318056,9.783783783783782
1.7229354296490422,0.4394950897713577,9.045045045045043
1.871461124326196,0.2151550810035019,8.936936936936938
2.2722083518182505,0.7888153725580156,9.81981981981982
1.8961476296051505,0.1243935168545804,8.936936936936938
2.246023598537745,0.5709615323893522,8.972972972972972
1.7824291407864004,0.0499529425941635,9.063063063063062
1.2910204178368787,0.8498920165142478,9.567567567567568
1.3048132089915268,0.983451796064508,9.675675675675675
2.476958508818923,0.7072923196820058,9.765765765765764
0.6358906492134417,1.1328275807876431,11.62162162162162
0.9462986085361464,0.2010223894590753,10.63063063063063
1.4804759289879836,0.1570910507215585,9.387387387387388
1.5094522421712195,0.6223769752704662,9.26126126126126
1.860659972090997,0.409893898264384,8.954954954954955
2.0305711232085963,0.451543126762974,8.882882882882882
1.875040097750405,0.6593244805607412,9.08108108108108
2.2087126158793438,0.0234416439265559,8.73873873873874
1.3300268108915678,0.925090638436582,9.585585585585584
0.6815120370225164,0.1213070957758783,12.144144144144144
1.7324667990711105,0.1279053367275434,9.0990990990991
0.4171003645898785,0.3965446026179712,15.135135135135137
2.2292894158083487,0.1456623029734013,8.72072072072072
1.321164616313857,1.0119028006735544,9.693693693693692
1.1377719539722737,0.1783271260078755,10.054054054054054
1.4653241167726752,0.086934461006948,9.45945945945946
1.0118779916688243,1.251874047847588,10.414414414414416
1.1482276798969746,0.3246439985262315,9.927927927927929
0.5917347895689695,0.7549660319153803,12.18018018018018
0.4829080191187004,0.1466436884555564,14.306306306306306
0.3861425968863802,0.993129700581314,14.792792792792792
0.3012355778335557,0.932069323188342,17.36936936936937
1.386477939380131,1.2622246457992166,12.144144144144144
1.6703822793849812,0.7993023854832952,9.27927927927928
0.895423558289292,0.2262461554791394,10.81081081081081
0.3031292273224473,0.4125180761766447,18.576576576576574
1.2735209623154424,1.0411693097541534,9.765765765765764
0.3108569699827959,1.0095434199175972,16.846846846846844
2.3119487770141163,0.6773536289094715,9.26126126126126
2.3301327012570554,0.3198159487273335,8.72072072072072
2.230641915387135,0.2873642877598674,8.73873873873874
0.7473866641289034,0.3509596585326293,11.44144144144144
0.8438364015956834,0.8051791242168174,10.63063063063063
2.0313850660432315,0.7234689789587205,9.18918918918919
2.4828721866751597,0.2286119640522351,8.64864864864865
1.3928952494661333,0.3618564557827524,9.44144144144144
0.5473366201372767,0.1678855050166447,13.387387387387388
0.606189996603471,0.6607255245948717,12.16216216216216
1.122760645962781,0.1897682620516637,10.09009009009009
1.4170161209835406,1.2232914810159607,11.117117117117116
1.6748042145361524,1.110101376948713,11.135135135135137
0.4414184309696617,0.4783023902842434,14.504504504504505
2.2448886923256843,0.367125999546983,8.774774774774775
0.9030815348690068,1.2353932501901492,10.55855855855856
1.3499691066351298,0.980181574642402,9.63963963963964
0.8189250631456644,0.3149471829038074,11.08108108108108
0.5029682339695409,0.4527978789429177,13.54954954954955
0.8178511705541682,0.5520396679925347,10.882882882882884
1.3890800190156682,1.1270134472924904,10.0
2.051706653103547,0.5677377807789606,8.954954954954955
1.4789908915606145,0.4955025823721251,9.297297297297298
0.8535780372753541,0.8722221803289946,10.55855855855856
0.4611903560127545,1.2242790754750723,13.297297297297296
1.0815779453388226,1.192588474495434,10.1981981981982
1.3652425277255242,0.4203427077247417,9.45945945945946
1.2035521240675622,0.1425124710089312,9.90990990990991
1.900028777027463,0.1472636700140219,8.936936936936938
0.5182919604205936,0.5285267920346366,13.243243243243244
1.8742067377027904,0.0798954301817092,8.972972972972972
0.4213917562815628,0.6398517784577261,14.612612612612612
1.2267181115202113,1.2324396595349367,10.342342342342342
2.1450144333359784,0.1277266229202606,8.756756756756758
1.7314451452084425,0.6926859541709137,9.153153153153152
1.025448129731027,1.1876205114451936,10.252252252252251
0.2810040509899528,1.0416703458285064,17.963963963963963
0.643126947316911,0.8889244578542856,11.657657657657657
0.632697985586482,0.5130552602995794,12.09009009009009
0.2730683715078963,1.1128862397696644,18.16216216216216
0.6971260386808356,0.841588636406394,11.333333333333334
1.8663545326193165,0.6214927775625034,9.045045045045043
2.00481340739925,0.9446041308140498,10.504504504504505
1.231330121700308,0.1584209932040005,9.83783783783784
2.334453636089885,0.7594440035395837,9.765765765765764
0.3400523604483829,0.0033552900624996,18.01801801801802
0.7374849307002368,1.3511899951734656,11.243243243243244
1.153696346386642,1.3709861486019888,12.414414414414416
1.589290853093016,0.5840134063271207,9.18918918918919
2.1682705668566475,0.2552256538548327,8.756756756756758
1.4073193571886051,0.2094387814182484,9.477477477477478
1.6610846570943716,0.2476550663497397,9.135135135135137
0.402439379989864,1.5759459581916535,14.936936936936936
0.2843602822443195,1.1514369641544038,17.603603603603602
1.2247606948683645,0.1350089237757776,9.873873873873872
0.6126167809400118,1.084864869864656,11.8018018018018
1.0696951278019229,0.5182668039551176,10.01801801801802
0.4743616084903759,0.412397238964318,14.036036036036036
1.6081830494962277,0.8218344066897803,9.315315315315315
0.3710201646378516,0.980748440500394,15.153153153153154
0.3414652469706628,0.2924388805399351,17.36936936936937
1.501930210950761,0.3854999235475104,9.27927927927928
0.5683858567479538,0.5053732074784125,12.702702702702702
1.403903627218667,0.8891036970071331,9.495495495495495
1.618901924673887,1.0763713909635408,10.144144144144144
1.6330691767838057,0.6157751163413887,9.153153153153152
2.4694178352248684,0.4958364630075076,8.9009009009009
1.6416693999955223,0.6606788242643489,9.17117117117117
1.1516764418799177,0.8632842156675415,9.783783783783782
0.5082391154363821,1.5113705169571112,13.08108108108108
0.6818432761473445,0.6587071437581546,11.567567567567568
0.7397080495719244,0.8619527714981683,11.08108108108108
1.0707376961548114,0.784369025618878,9.945945945945946
0.7396807251904871,0.9073060853825616,11.063063063063064
1.99621040869563,0.4192636656328168,8.882882882882882
0.3093457040794517,0.9198307859768612,17.08108108108108
2.267153016001468,0.0022364919975319,8.702702702702702
1.0382013789297582,0.4007303430047331,10.18018018018018
0.4400812495455986,0.471558471138837,14.54054054054054
1.1483997724791664,0.5710150896657769,9.81981981981982
2.3589954154816284,0.776209214857891,10.054054054054054
1.1386445994815737,1.1239327943590114,10.01801801801802
1.5644475174616026,1.0883293637460905,10.09009009009009
1.240358901763873,0.0014385254873891,9.927927927927929
1.445081596303262,0.7926992714605414,9.387387387387388
1.6378489975919794,1.13839049063174,11.585585585585584
1.2321700363075232,0.4778228844849702,9.675675675675675
2.165338704786633,0.450506646028319,8.846846846846848
1.1289186789826071,1.0011016339934935,9.891891891891891
0.765708539089659,0.3509336964101744,11.333333333333334
1.149567877977514,1.1271450190409456,10.0
1.980347664154941,0.0564989709953851,8.882882882882882
1.520482453509354,0.4639755173374674,9.243243243243242
1.1726351412987484,0.7141511181227005,9.72972972972973
2.3257369391344853,0.4007296943745857,8.774774774774775
2.025515200507744,0.9101777069935292,10.09009009009009
1.4981693171696244,1.162562845189201,10.576576576576576
0.9217093766680198,0.2507498277839603,10.684684684684685
1.5117083422904278,0.4128425865819097,9.26126126126126
1.829968969955866,0.1420454716622963,8.99099099099099
0.6832423057527639,0.5090615351704888,11.711711711711713
2.157955089255111,0.3076798199513572,8.774774774774775
1.0428136237051786,1.2150629529715176,10.288288288288287
1.469702891623014,0.3823791935176988,9.315315315315315
0.7024774794864086,0.3332685818332377,11.747747747747749
1.3668773545268484,0.5946079921424183,9.423423423423422
0.590705025887118,0.6846019122734895,12.27027027027027
1.7877827446942764,0.4994179595736536,9.00900900900901
1.411959719331792,0.6104082388450744,9.36936936936937
2.038301663880127,0.0280922547108569,8.846846846846848
0.2557404093115298,1.4837190207725566,18.666666666666668
1.0244608586028705,1.40879251343496,11.63963963963964
1.7144702827056295,0.8569080462148999,9.36936936936937
2.462339384149352,0.0248326031623759,8.612612612612612
0.3719599042876023,0.4709578418702499,16.07207207207207
0.980509235613206,1.1766524689040614,10.306306306306306
1.2494553298077764,0.3129755686124347,9.711711711711713
0.6277297057293432,1.1363906439010352,11.675675675675675
2.1726010313415363,0.817943333422122,9.747747747747749
1.4588804514919005,0.1769908203157891,9.423423423423422
0.2810486627153738,1.0034029391366277,18.03603603603604
0.5936700012934384,1.2931191205317043,11.963963963963964
2.0130897167366166,0.127500263379679,8.846846846846848
1.8199169616558093,0.7546733142179161,9.18918918918919
1.9078740440257267,0.1052891857762107,8.936936936936938
1.5708741061693905,0.6877285997111882,9.225225225225223
1.571431342384638,0.5599178832246805,9.18918918918919
0.7461062017648007,0.8932156833613205,11.027027027027026
2.02222932202014,0.8918160674236277,9.891891891891891
0.4979267755701996,0.9048993151254552,13.045045045045043
1.2323137295939266,1.126770712234064,9.963963963963964
0.909188901124634,0.1446762602396835,10.82882882882883
1.8988033514584624,0.8667184650622399,9.495495495495495
1.327272268808548,0.2230492953074669,9.603603603603602
1.8759367226892971,0.3567292520175861,8.936936936936938
2.084150053041124,0.8282635081833867,9.603603603603602
1.48049227546147,0.7139425269285,9.315315315315315
1.6724270862550483,1.0355796098849577,9.98198198198198
1.4205860036595157,0.5227726998416444,9.36936936936937
1.231822651253909,0.4345729281296463,9.693693693693692
2.116921099456524,0.4394728250346154,8.846846846846848
1.9155179762408687,0.8105888835799546,9.333333333333332
1.866137000928869,0.6832928646332092,9.0990990990991
2.406599975200216,0.4558158978775236,8.82882882882883
1.5580503878855358,1.0772476353662128,10.0
0.9082438336673512,0.3502158054787483,10.64864864864865
2.004916936287363,0.2723546486954202,8.846846846846848
0.6300995740307169,0.8431626448223539,11.8018018018018
0.987182428009705,1.2090365969116412,10.342342342342342
1.256737878448683,1.2337344726591493,10.396396396396396
0.7305901426433459,0.3586655839338674,11.531531531531533
1.5142923403836237,0.4502129933258724,9.26126126126126
0.6913489363256433,1.1305006244202749,11.27927927927928
1.1262655186047774,1.326931454717558,10.864864864864863
2.434376848618662,0.3736746632026105,8.73873873873874
0.547554749496521,0.8951378090930775,12.486486486486486
0.4078917359392528,1.2157606600214097,14.144144144144144
0.7430547997010819,0.9268910556343092,11.045045045045043
0.3476635231507713,0.5485941354331036,16.61261261261261
0.4068619080854607,0.3475081625691495,15.44144144144144
2.34681816217854,0.2678199183501249,8.702702702702702
1.3282396590318777,0.2744016727749493,9.585585585585584
2.1562270948774525,0.1214574273248672,8.756756756756758
0.4269374831205566,1.4899862989415078,13.98198198198198
2.0495505054424417,0.9392214935706024,10.82882882882883
0.6049462052085619,0.3743569049461571,12.486486486486486
0.7882186294564073,0.3572808658385129,11.207207207207206
0.4068500297723509,1.0441900927344248,14.306306306306306
0.7996382372837187,0.2583214094461495,11.243243243243244
1.227727683029222,1.089956260675406,9.873873873873872
1.2207446579723789,0.9248230333985566,9.711711711711713
1.6251617188582,0.0574828675655539,9.243243243243242
0.2710218791329444,1.1227914328618005,18.234234234234236
2.3381667018916903,0.3371101405831391,8.73873873873874
1.5639724395838728,0.2109931401954773,9.26126126126126
0.9299524872396544,0.8106633583494978,10.324324324324325
0.7655300336482997,0.1766660990341436,11.513513513513514
0.2597491541202459,1.1313080205168384,18.75675675675676
2.2786854590469625,0.3197206236031395,8.73873873873874
0.486418653325554,0.2779951547777492,14.054054054054054
1.5832582265044175,0.6388384728410679,9.207207207207208
1.4959690556698704,0.9549758917892656,9.54954954954955
0.6600352238971439,0.0973000978647842,12.342342342342342
0.6271556133312659,0.3803287943999145,12.288288288288287
0.8999300293011672,1.3364185091282086,10.792792792792794
0.679101641583393,1.4826440223164583,11.891891891891891
1.4393977433364968,0.6681719200837296,9.35135135135135
1.1784408787956608,0.6267446438888054,9.72972972972973
1.7129847237363325,0.8019743231267755,9.27927927927928
0.7271834813788558,1.4554627005619438,11.603603603603604
1.6724263551800964,1.071452024763739,10.324324324324325
0.8755976040739327,0.0302888318309828,11.08108108108108
1.187140608451893,0.7918701750076704,9.711711711711713
1.6821289146051346,0.0439387835998978,9.18918918918919
1.8870418651093177,0.5793339650557134,9.00900900900901
1.104036985643888,1.1239136661725284,10.054054054054054
0.8026252935768277,0.8585566384533143,10.774774774774777
1.2686230770986264,0.8781662434826294,9.62162162162162
0.8596649939675899,1.3229643983183392,10.82882882882883
0.3960327360472832,1.3634360456645114,14.324324324324325
1.4278276164329595,1.2234045066367405,11.26126126126126
0.3026649524898392,1.3170856709712844,16.7027027027027
0.4374172858499117,0.7203613328351652,14.18018018018018
0.9044021908665124,0.832677206600837,10.396396396396396
2.320394294038564,0.7303972706609272,9.513513513513512
1.2168719673913186,0.1333737413977149,9.891891891891891
1.2401724883314125,1.2567578735983904,10.54054054054054
2.4920242049948653,0.6281763920847632,9.27927927927928
1.3125721207263876,0.2484526546529835,9.62162162162162
0.3769640272458779,0.9267190515472234,15.0990990990991
0.8336587412277202,0.2617302971991057,11.063063063063064
0.2997723870591007,0.9742574171080528,17.333333333333336
0.7970021612561953,1.175423356889698,10.81081081081081
1.3901897139163266,0.9305994993457404,9.54954954954955
0.57634486428056,0.3553442238192543,12.792792792792794
1.560118743197558,0.7394698854033811,9.26126126126126
0.9726449218632188,1.0112812672221327,10.1981981981982
0.8924649697733694,0.8081272771876937,10.45045045045045
2.152643790531074,0.8536448345072012,10.01801801801802
2.327459694319691,0.305432675857125,8.72072072072072
1.2526222509037332,1.1098824182005884,9.90990990990991
0.7933209957559417,0.1078244891233804,11.423423423423424
1.4840303992933537,0.8858849355085932,9.44144144144144
1.519439848479457,1.0121292494280407,9.675675675675675
2.0402785712318563,0.1684596482590575,8.82882882882883
0.3946501400599003,0.0357265913942899,16.28828828828829
1.6224158033360347,0.8849892213846218,9.405405405405403
0.6698241830020066,0.9203240813610796,11.45945945945946
2.170034562424376,0.3262078094750057,8.774774774774775
1.7440055321984298,0.1062954793673962,9.08108108108108
2.2386956735643238,0.781023629798582,9.657657657657658
1.8321108019557757,0.648564431774482,9.08108108108108
1.0271406637488805,0.9562475664441888,10.054054054054054
1.03493953486253,0.5631352774542551,10.09009009009009
0.77098002320484,0.047505839820243,11.62162162162162
1.63311204364236,0.5068645691065561,9.135135135135137
1.2705819913836034,1.1295746561296576,9.945945945945946
0.4400255222725951,0.5012579029614141,14.486486486486486
0.9852228572470512,0.024135335337486,10.64864864864865
1.5813754657026748,0.9738891509291197,9.603603603603602
2.0054308037437165,0.8449081822676578,9.54954954954955
1.942805009549374,0.3631457080741702,8.9009009009009
1.9880859594168785,0.898773056480495,9.83783783783784
0.9265224674420744,0.0016699528625255,10.882882882882884
0.4865005896018107,0.3403172706115642,13.963963963963964
2.245470198327173,0.7809207868656702,9.675675675675675
1.4914664942515876,0.6235765521717684,9.27927927927928
2.3223716489506643,0.5267519844484001,8.91891891891892
2.304345117064692,0.802877610495756,10.144144144144144
0.329399610752713,0.3007321294996679,17.783783783783782
1.2409826376631252,0.4667893203710277,9.657657657657658
2.1993752582263046,0.1111079796028167,8.73873873873874
2.4876148111237244,0.2754176312532795,8.666666666666668
2.0459985911853624,0.3474306452595715,8.82882882882883
1.1146667640316696,0.078241766614835,10.18018018018018
0.8102252201722443,0.4878527644299117,10.972972972972974
0.9543037592726924,0.8091488025760852,10.234234234234236
1.4925452810529527,0.949276364672428,9.531531531531533
0.810632808769681,0.6816439584471357,10.82882882882883
0.8313542908962481,1.171044740988402,10.684684684684685
1.209797098372713,0.4277548149857357,9.72972972972973
0.4686832995833592,0.7556432631303098,13.62162162162162
1.930005703995502,0.7434290187431463,9.18918918918919
0.9531130498190648,1.3009217015138852,10.612612612612612
0.4985826535861626,0.7779373308631388,13.17117117117117
0.6023957378161288,0.1028827396765321,12.846846846846846
0.4118890184720769,0.3343737539157833,15.35135135135135
0.5274005130050136,0.7437767640348294,12.864864864864863
0.9420529891293608,0.8411452046395465,10.27027027027027
1.68792360090404,1.1181575423525083,11.711711711711713
0.2968618466105729,1.3190405858103107,16.9009009009009
0.7214078787626388,1.1071628545642127,11.117117117117116
0.9537246115083552,0.7778990741691962,10.252252252252251
2.009204676531337,0.5409704462027037,8.936936936936938
0.4604045092481609,1.5168909584008627,13.62162162162162
0.6213038366462997,1.2247600889759125,11.72972972972973
1.3245449562692757,1.2204036348739244,10.468468468468467
1.1499957098476012,0.4319769931837903,9.873873873873872
1.0916165234827566,0.2106935304038911,10.144144144144144
0.9643688316181398,1.4187308885875187,11.387387387387388
1.465472407206586,0.5780566214035165,9.297297297297298
0.7479196758555697,0.859350492416662,11.045045045045043
0.8287416642770862,0.9183518580295368,10.64864864864865
1.1472762363234457,1.0658751239782849,9.927927927927929
1.9753204732142435,0.5343189527643895,8.936936936936938
0.8516071377993306,1.1189015075753974,10.594594594594597
1.2151586150377764,0.5225232387080421,9.693693693693692
1.05517484219823,0.6234836839048237,10.01801801801802
0.8791972175540852,0.3638482639629026,10.756756756756756
1.7872071697910543,0.9176393701546246,9.567567567567568
0.7179346424930322,0.1307520875382528,11.873873873873874
1.2603317462114192,1.1435812243581345,10.0
0.6731195944328725,0.9498039165202548,11.423423423423424
0.5107013967759022,1.3156943545457234,12.702702702702702
1.1452386724089236,0.7597687682080279,9.783783783783782
1.407128754215381,0.4970207186354262,9.387387387387388
2.2441787876987545,0.091368538957834,8.702702702702702
1.8765096466247364,0.7873749527828484,9.26126126126126
2.113572425349108,0.4227034313990811,8.82882882882883
2.271726735604398,0.3043678983230368,8.73873873873874
1.3315049392269045,0.7023139182072762,9.477477477477478
1.889704592184229,0.3338258169066621,8.91891891891892
0.5506621544794696,0.3946422714809715,13.027027027027026
0.3610322529938889,1.596164150216618,16.396396396396398
0.5189100766895007,1.1351805417841452,12.63063063063063
2.194946105076085,0.8269178740889038,9.90990990990991
1.0273177045711637,1.2589769987816908,10.414414414414416
0.6578782873138972,1.4987279341460402,12.072072072072071
2.3217324565723385,0.3347877683229755,8.73873873873874
1.2469705477950437,0.0716681037079189,9.873873873873872
1.8612601588888016,0.4088316237761224,8.954954954954955
0.8901627104925514,1.0523031747105005,10.45045045045045
1.1747739868045786,1.069121175496322,9.891891891891891
2.417108684865146,0.7442483559280351,9.927927927927929
0.9857860472138138,0.6331284238448438,10.1981981981982
0.6718487904950752,0.8186144653302916,11.513513513513514
2.2707792921935286,0.4559984627057314,8.82882882882883
1.454437688421889,0.7423992321071993,9.35135135135135
0.3698172012283585,0.7281507904623992,15.62162162162162
0.3796972634977633,1.4352959331417154,14.702702702702702
1.2422448922651763,0.1341119225187607,9.83783783783784
1.5157884700212825,0.8898262640861476,9.44144144144144
0.529926583419631,1.53461249057326,13.00900900900901
1.4054158521244775,1.1568621179640353,10.18018018018018
2.255658832087664,0.5521160210125741,8.936936936936938
1.0899518013313592,1.0928417893470297,10.036036036036036
1.1418228346816728,1.0626902492838803,9.927927927927929
0.8854820555046011,1.22000184953404,10.576576576576576
0.9983151637859232,0.6621255881477176,10.16216216216216
1.9615671149259928,0.3098803893428727,8.882882882882882
0.6933156508624958,0.9021994446464604,11.333333333333334
0.6956286911453426,1.114942225420254,11.26126126126126
1.3609552477975204,0.2408322558684904,9.54954954954955
0.6915504429953547,0.9498422772518572,11.315315315315315
1.114065849327316,1.1683092063589822,10.126126126126126
1.7013418687969226,0.4179924893856955,9.063063063063062
1.7069631497874278,0.0173893706116937,9.17117117117117
1.219031205793148,0.0460127594842285,9.945945945945946
1.7436960069063556,0.0709958173164633,9.0990990990991
1.700811480381862,0.8863129915244654,9.423423423423422
0.861743776879488,0.1025362313767144,11.08108108108108
0.8001011263182602,0.8389737047562424,10.792792792792794
0.3601276658913313,0.229853161204147,16.9009009009009
1.1274727707311814,0.1614147929280069,10.09009009009009
0.5884990519129474,1.5837198491831064,13.477477477477477
0.3948513050601554,1.6087008392425268,16.37837837837838
1.6301223460277656,0.9395521276339178,9.531531531531533
1.0441120572897231,0.4233170910683467,10.144144144144144
1.4657773701655463,1.1506385099452114,10.288288288288287
0.6973983955023919,1.0748072031390374,11.243243243243244
0.8587295722070087,0.921062046320093,10.54054054054054
1.6946130327801547,0.5568973223360831,9.0990990990991
2.118436933513355,0.2600274341316859,8.792792792792792
2.145640128773267,0.2424395393829698,8.774774774774775
1.7305580378519645,0.6904460107857402,9.153153153153152
1.113267186028736,0.7340734613462379,9.855855855855856
1.604228450305945,0.0991292967203633,9.26126126126126
1.4926222864353191,0.9219722959527756,9.495495495495495
1.8876098070204483,0.2474069430421477,8.91891891891892
1.692904597978865,0.9446256429767784,9.567567567567568
0.3793279333692767,0.7902124555725725,15.27927927927928
2.3333375481088723,0.1465281745761996,8.666666666666668
2.1626641008120893,0.0833779400463374,8.756756756756758
1.849375930465015,0.038388790880979,9.00900900900901
0.9202347296525608,0.6328512285734433,10.414414414414416
1.7272439943896711,0.0120257181729414,9.153153153153152
2.197079812598694,0.5496591732659832,8.936936936936938
1.144196113161276,1.058659467656038,9.90990990990991
1.0488181325810304,1.1217406037239848,10.126126126126126
2.224400904068365,0.6669857853869834,9.153153153153152
0.3190575861600769,0.9319268844316766,16.72072072072072
1.9806639424645969,0.6915718562283549,9.117117117117118
2.379627117305537,0.7581052926354409,9.927927927927929
2.1914044931326906,0.228324576903023,8.73873873873874
2.374408545831035,0.1610612114319472,8.64864864864865
0.3481267177143235,0.2284416785829743,17.27927927927928
0.5435870272156079,1.5623732554224592,13.17117117117117
0.7473115492650853,0.7663154511001367,11.0990990990991
0.7569622602142414,1.2195219704259248,10.99099099099099
2.475661854268693,0.059601532418217,8.594594594594595
0.4947074900993098,0.8935904793705063,13.0990990990991
2.436396594997282,0.0686006170659526,8.612612612612612
0.877043160977141,0.95375981131564,10.468468468468467
2.1188428488352407,0.6754624211043483,9.117117117117118
1.8720832464122352,0.3787097674156794,8.936936936936938
1.4536518221267911,0.0461506195660429,9.495495495495495
1.790229322169192,0.7169430282521461,9.153153153153152
0.9321333282951566,0.0513985839852468,10.82882882882883
2.202375907057152,0.2795342451985164,8.756756756756758
2.203745250941754,0.7426030796555196,9.36936936936937
0.8405975135419488,0.3536924094576756,10.936936936936936
1.100262582542093,1.3524624854754628,11.063063063063064
1.1270827039099856,0.4001192572805301,9.945945945945946
0.648265371168659,1.1552407558474564,11.54954954954955
1.3187887702513457,0.8450387407082381,9.54954954954955
0.8720102107341943,0.1774416807717614,10.954954954954957
1.215748529603232,0.3591246621283371,9.765765765765764
0.4115179448875078,1.0157674404955364,14.252252252252251
0.3914889083417047,0.3869985864961425,15.72972972972973
1.7131252104418946,0.7753821905204942,9.243243243243242
0.24994493260313,1.3601205867362232,18.9009009009009
2.201783460275691,0.7015496217987789,9.225225225225223
1.8973266162740663,0.4887684955096344,8.954954954954955
0.4905862815856804,0.1692734918199062,14.16216216216216
2.018616570396289,0.2195907688823928,8.846846846846848
0.7354325172965875,0.2604254187452681,11.603603603603604
1.4214780806933416,0.6034405693600605,9.35135135135135
1.0491204011313655,0.0047400287774873,10.45045045045045
0.7194519487351057,0.5165397939413889,11.45945945945946
1.8511515724993777,0.623337900963731,9.045045045045043
0.3697367213207592,0.1877283272786029,16.7027027027027
0.6875898575925552,0.4432200358832454,11.747747747747749
1.737223339911393,0.2143987540877918,9.063063063063062
1.2368264352481009,0.9332564853856417,9.693693693693692
1.1977361784109963,0.1806009234208992,9.90990990990991
1.8796945312033344,0.8220953057469678,9.333333333333332
0.3535297147153901,0.5613983167019019,16.414414414414416
1.35669238378519,0.1219776561054332,9.62162162162162
0.4902625631654372,0.9119018378562902,13.135135135135137
1.7930894333468983,0.4062135760397879,8.99099099099099
0.3187020451199268,0.1334481959163644,18.576576576576574
1.6911047391702736,0.7630513739172333,9.225225225225223
2.1338328366088493,0.559977577319935,8.936936936936938
1.282871446317606,0.6561218429622268,9.54954954954955
0.6883679783260501,0.892863712044391,11.36936936936937
0.5540500711361729,0.2574996158151701,13.17117117117117
1.4490574183806455,0.2343244544257118,9.405405405405403
0.4006774573072286,0.8915655850667206,14.63063063063063
1.744523040116364,0.6767588626736624,9.135135135135137
1.563540590271266,0.1956005612595118,9.26126126126126
1.198696317264325,0.7285462878765852,9.693693693693692
1.329437571834259,0.8937940262353283,9.567567567567568
0.7126761015452815,0.9047046392127716,11.207207207207206
1.8655401569709589,0.802488973888899,9.297297297297298
0.3786154661728919,0.3801155833484475,16.07207207207207
2.3040085513852384,0.3031213954670372,8.72072072072072
2.238000466389639,0.671964741392606,9.17117117117117
2.435538305065949,0.5721882477348714,9.045045045045043
2.244368128685185,0.7104440094524218,9.297297297297298
0.5216951954066779,0.938766387211807,12.72072072072072
0.4168213168224763,0.6597722278413004,14.666666666666666
1.656860564903122,0.5278535047275856,9.117117117117118
0.834760720172856,1.4713115934463834,11.675675675675675
0.4971658267809101,1.023941195290608,12.936936936936936
0.8194450479278892,0.0774607835050801,11.315315315315315
1.0464185408325126,1.2101243284511396,10.27027027027027
1.7973885214295062,0.6688718212652719,9.0990990990991
1.5989060883367645,0.7490785318973172,9.26126126126126
0.6987800135471556,1.360833261322904,11.423423423423424
1.9207368516136127,0.3703088571411803,8.9009009009009
1.241041460638124,0.4170223436633563,9.675675675675675
0.4697788944469336,0.1133970195422204,14.576576576576576
1.1299998705176677,0.8175344486865366,9.81981981981982
0.3830845774330371,1.1707182799792817,14.64864864864865
0.7677566969766949,0.9323336181854188,10.91891891891892
0.859270686260214,0.7360814050899525,10.594594594594597
1.5589318202456544,0.5493294870227772,9.207207207207208
2.0150997301253426,0.8821421699309638,9.783783783783782
0.5389014017912073,1.1276928380061673,12.414414414414416
0.3412437169072688,1.0792259073067871,15.783783783783784
1.8194096999981129,0.1975522780772193,8.99099099099099
0.3893653465805949,1.388477640024664,14.468468468468467
0.6339488346027109,0.008981760486883,12.666666666666666
1.6304436007156813,0.3047348199626586,9.153153153153152
0.9228121612174396,0.1948039632404645,10.72072072072072
1.6625137886516257,0.3109674183238064,9.117117117117118
0.7717330562070235,1.4262459419942914,11.35135135135135
2.313463390272776,0.3606992224442309,8.756756756756758
0.5040930301484353,0.8107501424777057,13.063063063063064
1.0255991407791258,0.858556335895258,10.036036036036036
0.4835709755429981,0.3565376218928011,13.98198198198198
2.400601345946867,0.6516799593180647,9.26126126126126
0.7320633318097505,1.3359023299398107,11.243243243243244
1.287397650312667,0.2971732542420504,9.63963963963964
0.480534093673404,1.5657098114853858,13.72972972972973
2.1895314789770355,0.3442344868396335,8.774774774774775
0.4084742430400595,1.4337996250996174,14.16216216216216
1.8347439831462933,0.7167870229314548,9.153153153153152
2.2869190163381714,0.5418968725066977,8.936936936936938
2.422816123641504,0.6394351459155495,9.243243243243242
2.177866343463826,0.8706715907977889,10.45045045045045
0.4913958104473395,1.4561860367336033,13.08108108108108
0.3076319763584567,1.4140040423235334,16.52252252252252
2.010525296035416,0.238228544274917,8.846846846846848
2.277708525513187,0.4506115057876831,8.82882882882883
1.3251933623556775,0.2990943951297942,9.585585585585584
1.1743526469034116,0.7056167489361231,9.72972972972973
1.2798277553601505,1.1621216567157993,10.054054054054054
1.4846262143792124,0.0217350901629787,9.45945945945946
1.5068998194741514,0.1907473512657015,9.333333333333332
1.782650715364853,0.8792519486832653,9.44144144144144
1.9716466787629576,0.9963609915668696,12.414414414414416
1.086560593574051,0.7867554333299773,9.90990990990991
1.2140869342179337,1.2470520601737776,10.414414414414416
1.133003454909269,0.1186719750329254,10.108108108108109
0.3697903278857886,1.0446747778232652,15.0990990990991
0.6293734914093876,0.7340427673000036,11.891891891891891
1.6962163103131356,0.526457782080235,9.08108108108108
0.4356202690846533,1.3473143144166806,13.657657657657657
0.3903529323477459,0.5362416058658208,15.477477477477477
2.033202832542099,0.4364785845796409,8.864864864864865
2.00509480353764,0.6045809175667488,8.99099099099099
1.0548976144629354,1.3361515922384686,10.756756756756756
1.362229662540001,0.3497841531488727,9.495495495495495
1.7238381908200733,0.8041008291493459,9.27927927927928
1.1187999702647622,0.0103626047107073,10.234234234234236
0.5377087897134203,1.2552581350091945,12.414414414414416
1.3548014040041214,0.3329603445246896,9.513513513513512
0.9105524433033276,1.3672635814871796,10.9009009009009
1.37168084115453,1.1323330008038817,10.0
1.578251762404743,1.0054042354220187,9.693693693693692
0.8449704810861505,0.7302971872056854,10.64864864864865
1.0668725713268958,0.2336592429026798,10.1981981981982
2.2422227869269,0.0676017537294858,8.72072072072072
0.4917534382122529,0.248009064103409,14.01801801801802
1.2317993814137935,0.9826540568649018,9.72972972972973
0.6444219601142722,0.2673615878076263,12.27027027027027
2.1772387470613435,0.2765182747115287,8.756756756756758
0.387041982243364,0.9750379442630338,14.792792792792792
1.844293352029949,0.5511833001699338,9.00900900900901
1.7400417681126612,0.4803447088997466,9.045045045045043
2.057879703280216,0.7285749394311073,9.207207207207208
0.3704641756427887,1.0549961993142287,15.063063063063064
2.403787768011031,0.4602639225518584,8.82882882882883
0.4249057461105759,0.8943442828317454,14.16216216216216
1.0640821895003412,1.045552168866307,10.01801801801802
0.3291812422671103,1.4424963928973658,15.90990990990991
1.9601327649834444,0.728378824658122,9.17117117117117
1.6214920185946506,0.1306084167870772,9.225225225225223
1.6877898838534209,0.4937060846367244,9.08108108108108
1.8509481134688617,0.8513379149570972,9.405405405405403
1.2025383707735489,0.344445492074732,9.8018018018018
0.5264561478832221,1.5014818169402155,12.864864864864863
0.8109037527462859,0.7011573190076322,10.82882882882883
1.3207957787546298,0.4314809116898899,9.531531531531533
0.4572619849345044,0.7065586132983568,13.873873873873874
1.0521221269092729,0.2032826697103285,10.27027027027027
1.0794472658429,0.5815151394882632,9.963963963963964
1.9190588394936303,0.7253211216612988,9.153153153153152
1.7462836098711985,0.1952024250358009,9.063063063063062
0.4465262388291607,0.8623438285901321,13.83783783783784
1.0755183292963748,0.3153602237807847,10.126126126126126
1.0621131839514184,0.121161603067748,10.306306306306306
1.994348085353238,0.2619869213297901,8.846846846846848
1.9999099624340877,0.7009878400897505,9.135135135135137
0.4615885657559188,0.7045373489697364,13.8018018018018
1.0880452681022863,0.4058487584142354,10.036036036036036
2.0046235629810427,0.6868234703328995,9.0990990990991
0.6746266258553799,1.5050529197817966,12.054054054054054
1.511654820020289,1.016923950735355,9.693693693693692
1.819364796490843,0.7875033251033038,9.243243243243242
0.4860016015820015,0.3328021572327765,13.98198198198198
2.314457989114746,0.3042146100203896,8.72072072072072
0.4967150614227281,1.1007302307275404,12.9009009009009
1.0167207895619523,1.2247779832202204,10.342342342342342
0.5468993117025323,0.5242143068084594,12.9009009009009
0.3948307562388903,0.970018291218518,14.64864864864865
0.4684781398612425,1.2415517078831333,13.18918918918919
0.5265317999698343,0.8641886238866031,12.73873873873874
1.3751013344487608,0.4129497337750106,9.44144144144144
2.0310784046403536,0.7951100120021013,9.36936936936937
2.16791576904761,0.5761153242097086,8.954954954954955
1.905442410578592,0.8912821510953264,9.603603603603602
1.966144508421486,0.4032757229844451,8.882882882882882
2.2576818206981466,0.1182503451152399,8.702702702702702
0.8834250812232345,0.9251347822942716,10.45045045045045
1.791707574680427,0.617938270153862,9.063063063063062
2.147693652875454,0.8812252282461049,10.414414414414416
1.3266522821275633,0.4734588661694951,9.513513513513512
1.2846642378659947,0.9186954908094342,9.62162162162162
1.315525374473214,0.1049070042923677,9.711711711711713
1.6808001391303908,0.0294501675485285,9.18918918918919
1.1896466194411413,0.8094373556983341,9.711711711711713
1.986054672022917,0.731349079172417,9.18918918918919
1.04781386798836,0.012957806043873,10.432432432432432
2.466834343551181,0.5806715591902956,9.08108108108108
1.05774443493449,0.2780781225332946,10.1981981981982
1.707137401566843,0.1663989482019316,9.0990990990991
1.7167417398955678,0.6797181993424855,9.135135135135137
0.299285715155648,0.9100560501731368,17.495495495495497
1.1729068373905436,0.1920268066652364,9.945945945945946
1.9415679286929253,0.4715017499828063,8.91891891891892
1.652299457224011,0.904335630645862,9.44144144144144
0.4068342226578741,1.3475080411569325,14.126126126126126
2.067562013101804,0.8853531015425321,10.0
1.8915136630824327,0.6747928533537688,9.08108108108108
1.4108714339742014,0.7208830330319604,9.387387387387388
2.2710301289070705,0.7617801691778776,9.603603603603602
2.018541239768776,0.4643540864926032,8.882882882882882
2.450015548717304,0.3161300341755246,8.702702702702702
0.8243031926699287,0.5144476934966189,10.882882882882884
0.9139302416714612,0.0547277389424954,10.9009009009009
1.0581014263215538,0.8190948346670639,9.963963963963964
1.3382633215437212,0.4698546202621757,9.495495495495495
2.2500819236443,0.0843238438860042,8.702702702702702
0.4297929114914858,0.4768042712139612,14.72072072072072
0.4629756023279655,0.4018237380967722,14.252252252252251
0.8226068976709006,0.0237132977285353,11.35135135135135
1.3176774282977073,0.8422071023178275,9.531531531531533
2.419925953839894,0.3611211818005624,8.73873873873874
1.4711614067292869,0.1470400914287999,9.405405405405403
0.7852076254484199,0.517975209577832,11.08108108108108
0.2864644600327334,0.7512147746701264,18.43243243243243
1.5879717908734634,1.0538416682782152,9.90990990990991
2.0218471962151257,0.890280213314389,9.873873873873872
1.674710914834011,0.9095912617660672,9.45945945945946
0.9290874833246726,0.0063901886537771,10.882882882882884
0.4135509290083203,0.0843753271095235,15.747747747747749
0.7110519208736179,0.0718856502335058,11.98198198198198
0.5323983863091974,1.1606312808699957,12.468468468468467
1.6617443095106217,0.7617679023659569,9.243243243243242
0.6547497492529843,0.8133027511083231,11.63963963963964
2.021967544758016,0.580409523385345,8.972972972972972
2.01715829276697,0.8912997202532351,9.873873873873872
0.491570023778497,0.4136009387278156,13.783783783783784
0.907733889649564,0.1652855121957704,10.81081081081081
2.3024157784862065,0.8523547125250555,12.09009009009009
2.056346002332425,0.6797450101314615,9.0990990990991
0.5487859554856306,0.292815981482272,13.18918918918919
1.8022504067663536,0.7386401929273924,9.17117117117117
1.354689606798922,1.159691034553926,10.108108108108109
2.234136097629651,0.3173081669860095,8.756756756756758
1.9157767965798376,0.1309005317210997,8.91891891891892
2.027825052753435,0.688832263837016,9.117117117117118
1.499975524263323,0.2127445002061141,9.333333333333332
0.9953647423665474,1.1709248860370804,10.27027027027027
1.4105652941952072,0.8931935747374654,9.495495495495495
1.8893480820829391,0.9058396259221276,9.657657657657658
1.8458328023861423,0.1553851881855782,8.972972972972972
2.4097174191186936,0.3693652160402175,8.73873873873874
1.28210565649454,0.2464480411609162,9.675675675675675
0.6198582891096371,1.4367997038533566,12.0
2.275439347227913,0.6722495110771631,9.207207207207208
1.4923479026307298,0.9042427258434174,9.45945945945946
0.6445009611026429,0.9660327220607798,11.603603603603604
1.1418345018583895,1.1349850131527377,10.036036036036036
1.3545591688154703,0.5874390729527029,9.44144144144144
0.3328559272674636,1.486917642559357,15.891891891891891
0.9447307396986672,0.2622055255063044,10.594594594594597
1.1070712990514295,0.7221903861290282,9.873873873873872
1.4192878455515374,0.5915970224570124,9.35135135135135
0.8390756270274619,0.8087901723552869,10.64864864864865
1.2542161514107295,0.9595242836978992,9.693693693693692
1.8737840117893705,0.3505345909992699,8.936936936936938
1.53899429042615,0.3748351229557477,9.243243243243242
0.6843310937343555,1.4955572932103958,11.963963963963964
0.370592604058842,0.1584461002597387,16.72072072072072
1.8100236815764377,0.5852044648326409,9.045045045045043
0.8298012516352071,1.3004045074838095,10.846846846846846
2.495793616528436,0.7653256497552372,11.225225225225223
0.4394332987118871,0.4892441041594588,14.522522522522522
1.068366349927032,0.607748219248408,9.98198198198198
1.1667661916830894,1.0596019539562995,9.891891891891891
1.7238923797290409,0.5213808068042671,9.063063063063062
0.6089082038313363,1.3809859163500466,11.945945945945946
1.0922404753977903,0.6995192013932913,9.90990990990991
1.4102214694974835,0.5313995574708785,9.36936936936937
2.0626138301986607,0.3473353222194087,8.82882882882883
1.0703760592610965,1.1414527729774018,10.126126126126126
0.9110694064772404,1.3898751753842142,11.00900900900901
2.088966591299668,0.0631551495398202,8.81081081081081
2.316012498533379,0.5694469243596079,8.99099099099099
0.8883549807379734,1.3758243206506016,10.954954954954957
1.3808465218607475,0.8778347580230633,9.495495495495495
0.2813435036296552,1.1822309804655085,17.675675675675677
1.7830926400015463,0.916912480330758,9.567567567567568
1.118409682025492,0.6929963993628495,9.83783783783784
2.093380296227962,0.4468869794312498,8.846846846846848
0.904134059199771,1.488521165504706,13.405405405405403
0.3033581457006479,1.242920215171792,16.73873873873874
1.9719696992318547,0.9130686420784996,9.90990990990991
0.5758713259209312,0.9582025049928752,12.16216216216216
0.5930836932818282,0.070894839263324,12.99099099099099
1.0818576020652546,0.6196102942643484,9.945945945945946
0.5901542474403474,0.9668393628881112,12.036036036036036
0.8521454646674853,0.6772487603768969,10.64864864864865
1.9617011749484132,0.1585306254496989,8.882882882882882
1.9673343147231928,0.443175912384851,8.9009009009009
1.844791375566584,0.2172200405554682,8.972972972972972
0.9695022066956543,1.2326243277983358,10.414414414414416
0.5905704346321181,0.5246698146339711,12.45045045045045
1.0211567845176852,1.103226942969732,10.16216216216216
1.0835563003129347,0.6391789884034018,9.945945945945946
2.1563534385862058,0.1107758891907366,8.756756756756758
2.4191575642222545,0.7007927769221345,9.54954954954955
1.1139439631613468,1.3915323973468745,12.612612612612612
0.6486223591977782,0.8280800596104685,11.675675675675675
0.3729085183450142,0.4051615531197225,16.18018018018018
1.134965024981186,0.930593985577695,9.83783783783784
0.798714302839395,1.170538450347168,10.81081081081081
0.5400400722185115,0.9656235221098745,12.504504504504505
1.3731008706451453,0.0733622178233243,9.62162162162162
0.4901358661698832,1.2417764756430658,12.91891891891892
0.2767954936575148,1.0647298870248143,18.09009009009009
1.8962160931675016,0.2939125821647524,8.91891891891892
0.4148205014794417,0.6870514385152671,14.666666666666666
2.260043025266277,0.4503609296416727,8.82882882882883
2.380477478707902,0.0078495400016546,8.64864864864865
0.6891380150059614,0.7193955996660497,11.477477477477477
1.1801597003621576,1.2034232820004087,10.18018018018018
1.325346300939888,0.0751567101172184,9.711711711711713
2.1964820937267504,0.6196917497183282,9.027027027027028
0.640287700879645,1.240654649665016,11.62162162162162
0.5486176668332801,1.2622340096759246,12.324324324324325
1.0528418464348062,0.0451953644686561,10.396396396396396
0.4844542965147749,1.1791654744940572,13.00900900900901
1.6154270306566216,0.9113802704922472,9.45945945945946
1.1948518464131284,0.8008774861626673,9.693693693693692
0.7413848838040776,0.6240796452757534,11.225225225225223
1.0865470433978843,1.0961789787221683,10.036036036036036
1.2525619661990013,0.9606863607467366,9.693693693693692
0.8715597155385529,0.5401858706078133,10.666666666666666
0.937684109634497,0.7881323691342097,10.306306306306306
0.4085191904997434,0.5118013452898373,15.0990990990991
1.4433883722112704,1.0019479223892476,9.63963963963964
1.2186829444691094,0.0982636659780473,9.90990990990991
0.6208951025673568,0.9047295849972452,11.81981981981982
1.3239017695124495,1.0495266417063918,9.765765765765764
1.2485640834016976,0.7975589999693125,9.62162162162162
0.5472112555391209,0.701661867118671,12.684684684684685
1.2679066422972507,0.4757349230328013,9.603603603603602
2.329833329461461,0.6289520683863612,9.117117117117118
1.3280884934612611,0.8045520712577396,9.513513513513512
0.7072504400781482,1.356454484930593,11.36936936936937
0.7182983982339164,0.3627599163573152,11.62162162162162
1.9062624821334335,0.3381639043030445,8.91891891891892
1.9537471342110224,0.3827098024666978,8.882882882882882
0.7264460349300245,1.2989646970282946,11.207207207207206
1.1943388632924288,0.3484502466519073,9.8018018018018
0.9037414140522326,0.7262418866831246,10.432432432432432
2.146583598876211,0.3239072166522575,8.792792792792792
0.9823289474845578,0.4257042857155014,10.324324324324325
0.2613711446103692,1.186001287568673,18.576576576576574
0.3708878425468084,0.3149408166387846,16.414414414414416
0.5967311217828486,1.3138484138226625,11.945945945945946
0.3375614048082623,0.0468855940788515,18.01801801801802
0.6366985510473372,1.5895050248840097,15.387387387387388
0.4618426132216163,1.554973807418186,13.83783783783784
0.8216982747386159,1.292195279765784,10.846846846846846
0.8237028763306173,1.1375171549572425,10.702702702702702
1.2463663394914202,0.0071549876294807,9.90990990990991
1.1989837918697608,0.6777635600541874,9.693693693693692
0.5781605644048995,0.4185211269538049,12.702702702702702
1.6141689849510177,0.4590503342715961,9.153153153153152
1.1821346047321604,0.9622883349671894,9.783783783783782
1.5702165168000248,0.5516762030465244,9.18918918918919
1.5444860017341544,1.044078257825633,9.8018018018018
1.819505447458756,0.9225792289027164,9.62162162162162
0.8583958924250199,0.5404141818541952,10.72072072072072
1.40755604111811,0.9014361652455556,9.495495495495495
0.9455807393693332,0.8406242825040445,10.27027027027027
0.3983832042586288,0.921303992054631,14.63063063063063
1.7717803019970426,0.3119553019555921,9.00900900900901
0.8032039807151098,1.4934477789458067,11.927927927927929
0.6440019491884058,1.2670946113144643,11.603603603603604
1.5491349861269057,0.3461597897653706,9.225225225225223
0.4457582120004269,0.8796411918371653,13.81981981981982
1.9022604029669596,0.4861572270209999,8.954954954954955
1.1666337193405565,1.3424027416967796,11.405405405405403
0.7205203636976052,1.4619620131079871,11.657657657657657
2.248748324754319,0.3234279457031798,8.73873873873874
2.223928312598604,0.6902095999626838,9.207207207207208
0.5389415073219586,0.9990652742865104,12.486486486486486
1.124113123261984,1.3808955201974549,12.252252252252251
1.2456363330963638,0.4394694708796021,9.657657657657658
1.9187130262447312,0.5887998947466196,9.00900900900901
0.2900738528533222,1.0022371879097969,17.65765765765766
2.2871212834045016,0.4886247360201734,8.864864864864865
1.8208861427596368,1.0528928895233882,11.405405405405403
1.8489838876056632,0.7324289368959465,9.17117117117117
0.7055862663475482,1.1970419872134714,11.225225225225223
0.7050161434880053,1.2703801719187569,11.27927927927928
1.2160374485133094,0.7438351190700899,9.657657657657658
0.5051374385454016,1.3505548308901991,12.774774774774777
0.7264218087740809,0.194011932897017,11.747747747747749
0.9239734349493592,0.6880114745652038,10.37837837837838
1.8122376024709217,0.6217933027369593,9.063063063063062
1.3583970532238467,0.9750046903372912,9.62162162162162
1.2214463568308682,0.6590872020157342,9.657657657657658
1.5121515117294784,0.5917585446322391,9.26126126126126
0.8735107242810389,0.891773280766273,10.486486486486486
1.3756693485401348,0.9466184289646302,9.567567567567568
2.01072349951253,0.4317785266166524,8.882882882882882
2.4922869281006395,0.758844828742629,10.846846846846846
1.9341891622725464,0.6225457721827434,9.027027027027028
0.6236173917160501,0.1442737171429954,12.594594594594597
2.1006153818960067,0.1453966727285963,8.792792792792792
2.0240698441222555,0.4490771568319351,8.882882882882882
1.705347959024026,0.4004920218758788,9.063063063063062
1.2610134358797167,1.127636014098194,9.945945945945946
1.1502792366815862,0.9673002551554268,9.83783783783784
0.4566933675326795,0.233518668864274,14.63063063063063
1.235635642370969,0.2698477090883456,9.765765765765764
0.7080139618138287,1.1475971410012529,11.18918918918919
1.8635290840926209,0.575974805776654,9.00900900900901
1.8581795834169417,0.1941823686504577,8.954954954954955
1.329323999637151,0.4278635985285968,9.513513513513512
1.5068294359907322,0.8329349585254546,9.36936936936937
0.82762255016788,0.0869675573120701,11.26126126126126
0.8416033377790557,0.5804730924805603,10.756756756756756
1.1097798307344346,0.1815544964225172,10.126126126126126
1.5293967884074102,0.2188537630385721,9.297297297297298
0.7618358208218856,1.3110168362940522,11.08108108108108
2.0739206661624108,0.382252998783045,8.82882882882883
1.874889174210742,0.9694256188994252,10.09009009009009
2.1467400461630435,0.4972588320793711,8.882882882882882
1.413453537994711,1.1703270673665098,10.306306306306306
1.7869979863235088,0.7429631138959653,9.18918918918919
0.4391481910488545,1.387107330437657,13.63963963963964
1.6645897204678368,0.7973526929031478,9.27927927927928
0.8515330412286393,0.0820971533856474,11.153153153153154
1.4273454440212698,0.1802772639078362,9.45945945945946
1.0167229671242222,0.9685402838577392,10.09009009009009
2.0252568520115544,0.0250524599447067,8.864864864864865
0.9629896358983934,0.6032280862792025,10.288288288288287
2.0143076639510986,0.4430975570383244,8.882882882882882
1.9207019713318587,0.8038772062413049,9.315315315315315
1.646600399550886,0.4943276704111482,9.117117117117118
2.2631219763749524,0.6295709622375625,9.08108108108108
0.8854121854535213,0.4622657011457858,10.666666666666666
1.5868706489454882,1.03843942843493,9.83783783783784
1.9258831470695776,0.960826068955354,10.234234234234236
0.7120571143485586,0.7809375559243089,11.27927927927928
0.3615562538387568,0.7566259672236486,15.783783783783784
0.6416427161917768,0.2946444331983276,12.252252252252251
1.0380521358925974,0.6730699748008443,10.036036036036036
0.7282744290138587,0.1523086222982711,11.765765765765764
0.6346074164380977,0.2994170349236651,12.306306306306306
2.4265050724167296,0.1051855989384548,8.63063063063063
0.907775393401342,1.016680247629423,10.37837837837838
0.432986488737046,1.402445575659096,13.747747747747749
0.8900754205032355,0.766191847413656,10.468468468468467
1.726024785049204,0.414823529874919,9.045045045045043
2.25676483566833,0.1027790985337852,8.702702702702702
2.1020148928834304,0.2427288982041814,8.792792792792792
0.4100508725778654,1.5521147607908796,14.55855855855856
0.4832661540569768,0.5211294242363247,13.747747747747749
0.8786301084613799,0.2545536412627942,10.864864864864863
1.6230971934458884,1.0233119726522864,9.81981981981982
0.5575131554149998,0.165073753251364,13.26126126126126
1.5730208805914427,0.8444425118035956,9.35135135135135
1.874090209651912,0.3787301214446935,8.936936936936938
0.9143697367518356,1.260799075664097,10.576576576576576
0.5005859869791385,1.4815464818138495,13.045045045045043
2.0562922354855515,0.5568774036285209,8.936936936936938
1.394166835575129,1.0903203438074782,9.855855855855856
1.9870310593559213,0.7087703789292846,9.135135135135137
0.6604217276413415,1.554890881896425,12.73873873873874
0.2943874855711881,1.368498834565151,16.972972972972975
0.8475443237472496,1.2522887987174127,10.72072072072072
0.9705806316027324,1.1211456692918214,10.27027027027027
1.0438189461258764,0.6252389282556077,10.036036036036036
1.4346606387419902,0.7259159017286041,9.36936936936937
1.8129794593896151,0.0463882319886779,9.045045045045043
1.3517680154263447,0.0984118031930688,9.63963963963964
0.910151980730612,1.1325568947846465,10.432432432432432
0.5617156568594572,0.1221137694057368,13.26126126126126
0.3503525645436808,0.80574083159681,16.0
0.3540052685205622,0.7559133651796011,16.0
1.3186730026928306,0.7825396892266064,9.513513513513512
0.9197515445647008,1.022480177048464,10.342342342342342
0.6787069322805597,0.4194387783721498,11.81981981981982
0.4229426780542239,0.0678557282912791,15.567567567567568
0.280063873235801,1.0713772806493622,17.92792792792793
1.5672065176513217,0.480548665712993,9.18918918918919
0.6557506632395221,0.9385221914381884,11.54954954954955
2.0853228408547047,0.7668224923081879,9.333333333333332
0.5305993369869109,0.0920694023146703,13.693693693693694
0.9098428708941622,1.0006477000314378,10.36036036036036
1.3093567420581786,1.2554203874898422,10.81081081081081
0.4884627760045013,0.6039280338542863,13.54954954954955
1.2205334801043264,0.577024259564426,9.657657657657658
0.968885085556801,0.1861928150401877,10.55855855855856
0.5166275528113262,0.7804539362026424,12.954954954954957
0.9128558993537352,0.7832125913640786,10.37837837837838
1.3911058338819082,0.872913827920828,9.495495495495495
1.6971418627389356,0.4335362877416562,9.08108108108108
1.3168539402271071,0.4000753132201224,9.54954954954955
2.2787526609085647,0.8150582018630093,10.16216216216216
1.101834032308502,1.1163182970575147,10.036036036036036
0.3072090669246774,0.7143446881741097,17.63963963963964
0.7726507624375709,0.5173373735435979,11.153153153153154
1.7395486185743068,0.9376721954934985,9.585585585585584
0.2515066860387999,1.3558284193321954,18.81081081081081
2.3985862040325507,0.1853804285708504,8.64864864864865
2.4906647869224017,0.7142805623819662,9.90990990990991
0.3339521787639024,0.9302117298095334,16.25225225225225
0.8483120625283189,0.9715482600184026,10.576576576576576
0.8886825814868454,0.6691745476744994,10.522522522522522
0.450325725448176,0.6443999354719666,14.072072072072071
1.2963748007341795,0.5956157334093615,9.531531531531533
0.4835274121694222,0.5098876051108898,13.747747747747749
2.499664514004646,0.4308639678091467,8.81081081081081
1.6982083599998608,0.5567081533901594,9.0990990990991
0.4894972687984661,1.24215866787267,12.936936936936936
1.23124132620493,0.4114636308198305,9.693693693693692
0.9751408401555626,0.418909970947172,10.36036036036036
0.8187122820162804,0.8762795138157724,10.702702702702702
0.4843504773387691,0.3621269569065518,13.963963963963964
1.3885900206977042,0.6606182768178877,9.405405405405403
1.2104247278561042,0.0413294583265428,9.963963963963964
1.0668472188316829,1.0890701170566697,10.054054054054054
0.722595976275664,1.2848371075323846,11.207207207207206
0.9712619874328212,1.130765077500077,10.27027027027027
1.242584693467542,1.2083404041519072,10.234234234234236
0.3010908800177833,1.3602600411313546,16.73873873873874
0.6130424298892023,0.203166321804928,12.63063063063063
1.2202536116541445,1.2787221858041051,10.684684684684685
1.8219525434535409,0.2827663113586532,8.972972972972972
1.1207293699049965,0.2693919292658035,10.036036036036036
1.7626567515530525,0.877536414783685,9.423423423423422
1.248494974634651,0.2386752864888272,9.747747747747749
0.4291589539349721,1.451923385637779,13.873873873873874
1.7354980777985574,0.9894850406518786,9.81981981981982
0.9393966563193046,0.9716258906439164,10.27027027027027
0.7459765204240856,1.2992834182590116,11.117117117117116
2.0980642009776256,0.2022119465838113,8.792792792792792
0.5158823857413714,1.581734121196842,13.63963963963964
0.728208824800026,1.146232190066511,11.0990990990991
1.1166064418737986,0.1383508510890767,10.144144144144144
1.4763921063359795,0.7257164303923263,9.333333333333332
1.5382073363525393,1.1253762903665332,10.324324324324325
1.2844404906648907,0.0831099547779487,9.783783783783782
0.7425428062883543,0.9842423130338828,11.027027027027026
2.4462756498222835,0.1566157892974676,8.63063063063063
1.3451956269315588,0.7990108671517351,9.495495495495495
1.3868837629805526,1.1836697512856709,10.342342342342342
1.0680405655520653,0.7088584636480875,9.963963963963964
2.466330027879797,0.713892750060713,9.8018018018018
1.703917985800667,0.1269057193413009,9.117117117117118
0.6693326928198184,1.3794612926117242,11.585585585585584
0.6272245079275427,1.4136330980538414,11.891891891891891
1.6095852704639393,0.5786176898650097,9.17117117117117
0.527127489829442,1.0058316477380087,12.612612612612612
0.968133460010695,0.8038120338505843,10.1981981981982
1.0971407842901035,0.7365297517299583,9.891891891891891
0.6439969637144466,0.786658474628256,11.72972972972973
0.7120014504381325,0.7335932824988504,11.315315315315315
1.1812261133948867,0.406856877109622,9.8018018018018
0.7752788841577916,0.485436738075312,11.153153153153154
1.8550956202856477,0.3425674129859102,8.954954954954955
0.4299646221368647,0.7608703261973224,14.252252252252251
1.9535816842963207,0.5134315097820659,8.936936936936938
1.5031128936474754,0.2810424894928638,9.315315315315315
1.200729920731325,1.0463967455270038,9.83783783783784
1.2685900143390754,0.1789377242232328,9.747747747747749
1.8371049940537545,0.1124482374326236,8.99099099099099
2.436644497377389,0.1770242424254877,8.63063063063063
1.0978185124331874,0.1131468048180927,10.216216216216216
0.6430706280905246,1.525229796489794,12.324324324324325
0.527573554091241,0.903859265424307,12.684684684684685
1.601656281092959,0.7492845950342721,9.243243243243242
0.3842275978273068,0.0158046652668886,16.594594594594597
1.1040951398243013,0.8872244614884592,9.873873873873872
0.7698837738961959,1.288449109063224,11.027027027027026
0.9874529560216014,0.9377539372242488,10.144144144144144
1.6949091499155502,0.7976486476106288,9.26126126126126
0.5123218955444703,0.9635728268102428,12.81081081081081
1.6091437046684542,1.039920373325971,9.873873873873872
1.125925028561721,0.0239969548149148,10.1981981981982
1.3248880299101728,0.4768664011999168,9.513513513513512
1.3274658188598618,0.5782294410478619,9.477477477477478
0.5097285107546325,1.49967681307669,13.00900900900901
1.00099770002056,0.2195920863918274,10.414414414414416
0.9694326370502102,0.1612505180047985,10.576576576576576
0.5510403416464391,1.341380478153937,12.342342342342342
0.3291323112989097,0.8829858362465473,16.486486486486484
0.6015756556034363,0.4377746884791979,12.45045045045045
1.1257081282875905,0.7473480280695501,9.81981981981982
0.6394007876980703,1.2089561169588756,11.603603603603604
1.389667529967367,0.4089079602711843,9.423423423423422
0.9223179172899468,1.1068119275194097,10.37837837837838
1.2340107553760535,0.3269457394695083,9.72972972972973
2.30103104368239,0.7965105804122767,10.036036036036036
1.6429480839747834,0.4921335274240912,9.117117117117118
1.3362469774134476,0.7534923821841979,9.477477477477478
0.863018655415946,0.4820663081904106,10.73873873873874
1.1417719429933773,1.3540389701800604,11.44144144144144
2.036052435088077,0.2463545552569764,8.82882882882883
0.5927731923751006,0.8243929498399909,12.108108108108109
0.8530306712257518,0.1049724044794826,11.117117117117116
0.7329734687570131,0.7108018326751419,11.207207207207206
0.6927993836614408,0.1950568925735738,11.963963963963964
2.42819156578854,0.7814613460279759,10.756756756756756
1.976070744451376,0.9805357969716622,11.18918918918919
0.4554328747909958,1.335866889595973,13.36936936936937
1.105485191549255,1.2062709987456208,10.216216216216216
2.1491476492487798,0.2732890663537343,8.774774774774775
0.7021190116868272,1.0181833359239492,11.225225225225223
1.7152155020236683,0.4099599021198304,9.063063063063062
1.963741282699078,0.8893006583262236,9.711711711711713
1.4437802954402834,1.119002341896391,10.036036036036036
0.6915244880771219,1.1292831980383196,11.27927927927928
1.4316092412501948,1.1372691967389528,10.108108108108109
0.6878653667977355,1.1891412560563224,11.315315315315315
1.2019273538237598,0.463826162925311,9.747747747747749
1.4128180951299576,0.2778001919085036,9.44144144144144
1.740776179354613,0.9029942158572236,9.477477477477478
1.0487012146669696,0.0491510669298694,10.414414414414416
2.485444788486745,0.2154827602556776,8.63063063063063
0.7846268301441983,0.8882751874227408,10.846846846846846
2.100723344836461,0.474421823097281,8.864864864864865
0.3246295761936127,0.235805618254939,18.10810810810811
0.5142207579270055,0.0114174274505643,14.036036036036036
0.3690864798346663,0.0095404757283578,17.045045045045043
0.6911750193551081,0.0835664071799392,12.108108108108109
0.9032460801937114,1.227592114563656,10.54054054054054
1.94009562522144,0.8442885656460768,9.45945945945946
1.8243705481584815,0.4359139517206354,8.972972972972972
1.1062028827099202,0.4888354720307709,9.945945945945946
0.9822939273882442,0.7586580698370553,10.16216216216216
0.6582822234564129,0.1819187403513641,12.252252252252251
0.5328758137782588,0.4154737136343636,13.225225225225223
1.2891861422711206,0.9956627473686348,9.693693693693692
0.9145538289016988,1.4815106981812702,13.18918918918919
0.7033079374426818,1.449865647419922,11.657657657657657
2.4393840425522395,0.5538814003008807,9.00900900900901
1.4497358046729156,0.6114255333068804,9.333333333333332
1.483470161850708,0.0428363468595192,9.44144144144144
1.8186468717606887,0.0204889249437179,9.045045045045043
0.6811614920003004,1.181018126149235,11.35135135135135
1.3724102366840296,0.9795255670037976,9.62162162162162
1.6455750987510884,0.7146759207893318,9.207207207207208
2.165659680784028,0.8090760055119645,9.657657657657658
0.2638485253038664,1.355983774041016,18.216216216216218
1.286829013222615,1.265159091377439,10.82882882882883
0.3381151852121852,1.2808029772543104,15.63963963963964
0.6842808246523313,1.110890915567861,11.315315315315315
0.3226012783066223,0.7118589497597048,17.08108108108108
0.9316215245166805,0.0316595306738996,10.846846846846846
1.0051521580800782,0.0903664293015967,10.522522522522522
0.613107959645691,0.054493874627427,12.81081081081081
2.25603066587673,0.24253553674783,8.72072072072072
0.9614867904116292,0.3263956530638022,10.468468468468467
0.4140008698482592,0.1151290710553075,15.693693693693694
2.343786359189222,0.4085563738948018,8.774774774774775
0.3478115447275245,1.1861643302001117,15.45945945945946
0.9988318365889326,1.188817597642577,10.306306306306306
2.188529955943701,0.6919048932844584,9.18918918918919
2.007208970401222,0.8992274752559675,9.90990990990991
1.5139312822018838,1.020208593857205,9.693693693693692
0.388822536893228,1.1873747112500734,14.522522522522522
1.5838172734806435,0.2399718354617935,9.225225225225223
0.4197488022778431,0.0821923120265355,15.603603603603604
0.4483920984545078,0.1203827965566101,14.954954954954957
1.9918838774608985,0.9493906724207126,10.486486486486486
1.413046797325712,0.987298946875384,9.62162162162162
2.233357122999183,0.6716327576880881,9.17117117117117
0.606699116548004,0.9027434224267552,11.927927927927929
2.459501016378943,0.6710622186776237,9.44144144144144
0.8855418189119252,1.4709099613256682,11.945945945945946
0.8374785069073052,1.0009478171841462,10.612612612612612
0.8430026310689576,0.5544995409444265,10.774774774774777
2.184736747258956,0.7019093039884663,9.225225225225223
0.9161803438865362,0.0034576123609806,10.936936936936936
1.2971912397977468,0.4100755832199347,9.585585585585584
0.3941431872813916,0.9856973108313378,14.63063063063063
0.309064001889186,0.9155116378275084,17.0990990990991
0.5664131311007634,0.331937148154911,12.936936936936936
0.5891090866757063,1.5613180978563224,12.936936936936936
1.180441868257463,0.876544919646363,9.747747747747749
2.152683923842745,0.2327412871313643,8.756756756756758
1.4458350041577153,0.0174271939597315,9.531531531531533
1.0035981894138062,0.5288124904177828,10.1981981981982
1.756443206314771,0.7761730088901442,9.225225225225223
2.279262072432993,0.7921938116218357,9.873873873873872
0.5127222728952376,0.1602428068988661,13.83783783783784
0.3178273126025344,1.2427401470980417,16.27027027027027
0.8789904653934394,0.8639038199371718,10.468468468468467
0.8844250039111934,1.4698610513993158,11.891891891891891
0.7398585906655932,0.93922286404677,11.045045045045043
1.3441600927583872,0.3171962156241365,9.531531531531533
1.6811075613269053,0.6566653930482229,9.153153153153152
0.7938172695146184,0.810411581541906,10.846846846846846
1.7885946458868498,0.6993485239275963,9.135135135135137
2.3838305122735264,0.4412503625109373,8.81081081081081
0.3722249125000765,0.1301441940262615,16.73873873873874
1.1267113126195305,0.0706360465311079,10.16216216216216
2.265070881021664,0.6534828484751467,9.135135135135137
0.2757232493068948,1.1842352875287547,17.90990990990991
0.7407806814253162,1.1573834476847478,11.045045045045043
0.7461298609313025,0.660310653848194,11.17117117117117
0.8938250431827438,1.3743710199271275,10.936936936936936
1.8633985955889616,0.20633424049181,8.954954954954955
1.4785424919523722,0.522194002770475,9.297297297297298
1.7167694713399393,0.6782764266868431,9.135135135135137
1.561923840451104,0.6347023486616815,9.225225225225223
0.6551564960948703,0.5643039141651062,11.855855855855856
1.955758721813456,0.4319046828871012,8.9009009009009
1.6177801727611143,1.0220665989621738,9.8018018018018
1.4526362684185674,0.1567551434536271,9.44144144144144
1.1388598262709353,0.6795196567863155,9.8018018018018
1.048589040578621,1.1147340062667832,10.126126126126126
0.9941928501395334,0.2530924197336809,10.414414414414416
0.7033646203291741,1.4025061152251412,11.495495495495495
0.2905974429219066,0.6472738562364501,18.52252252252252
1.573546450140055,0.6277535754926094,9.207207207207208
0.4321569862871968,1.0996944178630728,13.8018018018018
1.923850062868191,0.599694261962356,9.00900900900901
0.4660059793478266,1.3990066907460783,13.27927927927928
1.2165326295138392,0.5157490861075911,9.693693693693692
1.766278446322359,0.2628485917254783,9.027027027027028
2.292052717613882,0.5351951956807839,8.91891891891892
0.7591394952233432,0.6468929489473684,11.117117117117116
1.907992945377874,0.775027898798092,9.243243243243242
