t,lamH
2.0,0.12862117802145992
2.003600720144029,0.12845261749466258
2.007201440288058,0.1282843178119284
2.0108021604320863,0.12811627836783404
2.014402880576115,0.12794849855920187
2.018003600720144,0.12778097778508926
2.021604320864173,0.12761371544677808
2.0252050410082014,0.12744671094776433
2.0288057611522303,0.12727996369374764
2.0324064812962592,0.12711347309262094
2.036007201440288,0.12694723855446022
2.039607921584317,0.12678125949151425
2.0432086417283455,0.1266155353181945
2.0468093618723744,0.1264500654510649
2.0504100820164033,0.12628484930883194
2.054010802160432,0.1261198863123345
2.057611522304461,0.1259551758845341
2.0612122424484896,0.12579071745050485
2.0648129625925185,0.1256265104374238
2.0684136827365474,0.12546255427456096
2.0720144028805763,0.12529884839326982
2.0756151230246047,0.1251353922269775
2.0792158431686336,0.12497218521117523
2.0828165633126625,0.12480922678340878
2.0864172834566914,0.124646516383269
2.0900180036007203,0.12448405345238234
2.0936187237447488,0.12432183743440146
2.0972194438887777,0.12415986777499594
2.1008201640328066,0.12399814392184291
2.1044208841768355,0.12383666532461791
2.1080216043208644,0.12367543143498565
2.111622324464893,0.1235144417065909
2.1152230446089217,0.12335369559504944
2.1188237647529506,0.12319319255793898
2.1224244848969795,0.12303293205479023
2.126025205041008,0.12287291354707794
2.129625925185037,0.12271313649821204
2.133226645329066,0.12255360037352883
2.1368273654730947,0.12239430464028217
2.1404280856171236,0.12223524876763478
2.144028805761152,0.12207643222664953
2.147629525905181,0.12191785449028084
2.15123024604921,0.12175951503336606
2.1548309661932388,0.12160141333261698
2.1584316863372672,0.1214435488666113
2.162032406481296,0.12128592111578419
2.165633126625325,0.12112852956241996
2.169233846769354,0.12097137369064358
2.172834566913383,0.12081445298641252
2.1764352870574113,0.1206577669375084
2.18003600720144,0.1205013150335288
2.183636727345469,0.12034509676587912
2.187237447489498,0.12018911162776443
2.190838167633527,0.12003335911418136
2.1944388877775554,0.11987783872191018
2.1980396079215843,0.11972254994950668
2.201640328065613,0.1195674922972943
2.205241048209642,0.11941266526735621
2.208841768353671,0.11925806836352747
2.2124424884976994,0.11910370109138717
2.2160432086417283,0.1189495629582507
2.2196439287857572,0.118795653473162
2.223244648929786,0.11864197214688588
2.2268453690738146,0.11848851849190035
2.2304460892178435,0.11833529202238906
2.2340468093618724,0.11818229225423368
2.2376475295059013,0.11802951870500644
2.24124824964993,0.11787697089396258
2.2448489697939586,0.11772464834203297
2.2484496899379876,0.11757255057181668
2.2520504100820165,0.11742067710757359
2.2556511302260454,0.11726902747521714
2.259251850370074,0.11711760120230699
2.2628525705141027,0.11696639781804179
2.2664532906581316,0.11681541685325197
2.2700540108021605,0.11666465784039264
2.2736547309461894,0.11651412031353633
2.277255451090218,0.11636380380836607
2.2808561712342468,0.11621370786216818
2.2844568913782757,0.11606383201382536
2.2880576115223046,0.1159141758038097
2.2916583316663335,0.11576473877417567
2.295259051810362,0.11561552046855336
2.298859771954391,0.11546652043214148
2.3024604920984197,0.11531773821170059
2.3060612122424486,0.11516917335554633
2.3096619323864775,0.11502082541354261
2.313262652530506,0.11487269393709497
2.316863372674535,0.11472477847914381
2.320464092818564,0.11457707859415782
2.3240648129625927,0.11442959383812731
2.327665533106621,0.11428232376855767
2.33126625325065,0.1141352679444628
2.334866973394679,0.11398842592635865
2.338467693538708,0.11384179727625668
2.3420684136827363,0.11369538155765749
2.3456691338267652,0.11354917833554436
2.349269853970794,0.11340318717637692
2.352870574114823,0.11325740764808477
2.356471294258852,0.11311183932006125
2.3600720144028804,0.11296648176315706
2.3636727345469093,0.11282133454967413
2.367273454690938,0.11267639725335937
2.370874174834967,0.11253166944939846
2.374474894978996,0.1123871507144098
2.3780756151230245,0.1122428406264383
2.3816763352670534,0.11209873876494938
2.3852770554110823,0.11195484471082291
2.388877775555111,0.11181115804634717
2.39247849569914,0.1116676783552129
2.3960792158431685,0.11152440522250731
2.3996799359871974,0.11138133823470824
2.4032806561312263,0.11123847697967817
2.4068813762752552,0.11109582104665847
2.4104820964192837,0.11095337002626346
2.4140828165633126,0.11081112351047472
2.4176835367073415,0.11066908109263524
2.4212842568513704,0.11052724236744373
2.424884976995399,0.11038560693094891
2.4284856971394277,0.11024417438054383
2.4320864172834566,0.1101029443149602
2.4356871374274855,0.1099619163342628
2.4392878575715145,0.10982109003984387
2.442888577715543,0.10968046503441757
2.446489297859572,0.10954004092201443
2.4500900180036007,0.10939981730797585
2.4536907381476296,0.10925979379894862
2.4572914582916585,0.10911997000287951
2.460892178435687,0.10898034552900979
2.464492898579716,0.10884091998786988
2.4680936187237448,0.10870169299127398
2.4716943388677737,0.10856266415231475
2.4752950590118026,0.10842383308535793
2.478895779155831,0.10828519940603716
2.48249649929986,0.10814676273124865
2.486097219443889,0.10800852267914599
2.4896979395879177,0.10787047886913491
2.493298659731946,0.10773263092186816
2.496899379875975,0.10759497845924032
2.500500100020004,0.1074575211043827
2.504100820164033,0.10732025848165823
2.5077015403080614,0.1071831902166564
2.5113022604520903,0.1070463159361882
2.514902980596119,0.10690963526828112
2.518503700740148,0.10677314784217415
2.522104420884177,0.10663685328831281
2.5257051410282054,0.1065007512383442
2.5293058611722343,0.1063648413251121
2.5329065813162632,0.10622912318265208
2.536507301460292,0.10609359644618659
2.540108021604321,0.10595826075212014
2.5437087417483495,0.10582311573803453
2.5473094618923784,0.10568816104268398
2.5509101820364073,0.1055533963059904
2.554510902180436,0.10541882116903861
2.558111622324465,0.10528443527407168
2.5617123424684936,0.10515023826448615
2.5653130626125225,0.10501622978482741
2.5689137827565514,0.10488240948078506
2.5725145029005803,0.1047487769991882
2.576115223044609,0.10461533198800094
2.5797159431886376,0.1044820740963177
2.5833166633326665,0.10434900297435871
2.5869173834766954,0.10421611827346552
2.590518103620724,0.10408341964609638
2.5941188237647532,0.10395090674582182
2.5977195439087817,0.10381857922732014
2.6013202640528106,0.10368643674637303
2.6049209841968395,0.10355447895986104
2.608521704340868,0.10342270552575929
2.612122424484897,0.10329111610313299
2.6157231446289257,0.10315971035213316
2.6193238647729546,0.10302848793399222
2.6229245849169835,0.10289744851101973
2.626525305061012,0.10276659174659808
2.630126025205041,0.1026359173051782
2.63372674534907,0.1025054248522753
2.6373274654930987,0.1023751140544647
2.6409281856371276,0.10224498457937753
2.644528905781156,0.10211503609569658
2.648129625925185,0.10198526827315217
2.651730346069214,0.10185568078251796
2.6553310662132428,0.10172627329560678
2.6589317863572717,0.10159704548526662
2.6625325065013,0.10146799702537646
2.666133226645329,0.10133912759084224
2.669733946789358,0.1012104368575928
2.673334666933387,0.10108192450257586
2.6769353870774157,0.100953590203754
2.680536107221444,0.10082543364010066
2.684136827365473,0.10069745449159621
2.687737547509502,0.10056965243922397
2.6913382676535305,0.10044202716496628
2.6949389877975594,0.1003145783518006
2.6985397079415883,0.10018730568369562
2.702140428085617,0.10006020884560735
2.705741148229646,0.09993328752347529
2.7093418683736745,0.09980654140421863
2.7129425885177034,0.09967997017573238
2.7165433086617323,0.09955357352688358
2.7201440288057612,0.09942735114750754
2.72374474894979,0.09930130272840407
2.7273454690938186,0.09917542796133372
2.7309461892378475,0.09904972653901406
2.7345469093818764,0.098924198155116
2.7381476295259053,0.09879884250426006
2.741748349669934,0.09867365928201273
2.7453490698139627,0.09854864818488278
2.7489497899579916,0.09842380891031767
2.7525505101020205,0.09829914115669988
2.7561512302460494,0.09817464462334337
2.7597519503900783,0.09805031901048991
2.7633526705341067,0.0979261640193056
2.7669533906781356,0.09780217935187725
2.7705541108221645,0.09767836471120891
2.774154830966193,0.0975547198012183
2.7777555511102223,0.09743124432673334
2.781356271254251,0.09730793799348865
2.7849569913982797,0.0971848005081221
2.7885577115423086,0.09706183157817136
2.792158431686337,0.09693903091207044
2.795759151830366,0.09681639821914634
2.799359871974395,0.09669393320961554
2.8029605921184237,0.09657163559458073
2.8065613122624526,0.09644950508602738
2.810162032406481,0.09632754139682038
2.81376275255051,0.09620574424070076
2.817363472694539,0.0960841133322823
2.820964192838568,0.09596264838704828
2.8245649129825967,0.09584134912134817
2.828165633126625,0.09572021525239437
2.831766353270654,0.09559924649825889
2.835367073414683,0.09547844257787023
2.838967793558712,0.09535780321101003
2.8425685137027408,0.09523732811830994
2.8461692338467692,0.09511701702124838
2.849769953990798,0.09499686964214737
2.853370674134827,0.0948768857041694
2.856971394278856,0.0947570649313142
2.860572114422885,0.09463740704841567
2.8641728345669133,0.09451791178113873
2.867773554710942,0.09439857885597626
2.871374274854971,0.09427940800024592
2.8749749949989996,0.09416039894208715
2.8785757151430285,0.09404155141045806
2.8821764352870574,0.09392286513513241
2.8857771554310863,0.09380433984669657
2.889377875575115,0.09368597527654648
2.8929785957191436,0.09356777115688468
2.8965793158631725,0.09344972722071726
2.9001800360072014,0.09333184320185095
2.9037807561512303,0.09321411883489011
2.9073814762952592,0.0930965538552338
2.9109821964392877,0.09297914799907282
2.9145829165833166,0.09286190100338683
2.9181836367273455,0.09274481260594139
2.9217843568713744,0.0926278825452851
2.9253850770154033,0.0925111105607467
2.9289857971594317,0.09239449639243223
2.9325865173034606,0.09227803978122212
2.9361872374474896,0.09216174046876839
2.9397879575915185,0.09204559819749183
2.9433886777355474,0.09192961271057914
2.946989397879576,0.09181378375198017
2.9505901180236047,0.09169811106640509
2.9541908381676336,0.09158259439932165
2.957791558311662,0.0914672334969524
2.9613922784556914,0.09135202810627195
2.96499299859972,0.0912369779750042
2.9685937187437488,0.09112208285161964
2.9721944388877777,0.09100734248533264
2.975795159031806,0.09089275662609875
2.979395879175835,0.09077832502461197
2.982996599319864,0.09066404743230215
2.986597319463893,0.09054992360133224
2.9901980396079217,0.09043595328459571
2.99379875975195,0.09032213623571386
2.997399479895979,0.09020847220903325
3.001000200040008,0.09009496095962301
3.004600920184037,0.0899816022432723
3.008201640328066,0.08986839581648769
3.0118023604720943,0.08975534143649058
3.015403080616123,0.08964243886121465
3.019003800760152,0.08952968784930328
3.0226045209041805,0.08941708816010703
3.02620524104821,0.08930463955368109
3.0298059611922383,0.08919234179078278
3.0334066813362672,0.08908019463286901
3.037007401480296,0.0889681978420938
3.0406081216243246,0.0888563511813058
3.044208841768354,0.0887446544140458
3.0478095619123824,0.08863310730454428
3.0514102820564113,0.08852170961771895
3.05501100220044,0.08841046111917229
3.0586117223444687,0.08829936157518918
3.062212442488498,0.0881884107527344
3.0658131626325265,0.08807760841945025
3.0694138827765554,0.08796695434365423
3.0730146029205843,0.08785644829433652
3.0766153230646127,0.08774609004115769
3.080216043208642,0.08763587935444632
3.0838167633526705,0.08752581600519665
3.0874174834966994,0.08741589976506624
3.0910182036407283,0.08730613040637357
3.094618923784757,0.08719650770209582
3.0982196439287857,0.08708703142586649
3.1018203640728146,0.08697770135197314
3.105421084216843,0.08686851725535505
3.1090218043608724,0.08675947891160099
3.112622524504901,0.0866505860969469
3.1162232446489297,0.08654183858827368
3.1198239647929586,0.08643323616310489
3.123424684936987,0.08632477859960457
3.1270254050810165,0.08621646567657493
3.130626125225045,0.08610829717345421
3.134226845369074,0.08600027287031443
3.1378275655131027,0.08589239254785919
3.141428285657131,0.08578465598742147
3.1450290058011605,0.08567706297096146
3.148629725945189,0.08556961328106444
3.152230446089218,0.08546230670093852
3.1558311662332468,0.08535514301441255
3.1594318863772752,0.085248122005934
3.1630326065213046,0.08514124346056676
3.166633326665333,0.08503450716398907
3.170234046809362,0.0849279129024914
3.173834766953391,0.0848214604629743
3.1774354870974193,0.0847151496329464
3.181036207241448,0.0846089802005222
3.184636927385477,0.08450295195442012
3.188237647529506,0.08439706468396034
3.191838367673535,0.0842913181790628
3.1954390878175634,0.0841857122302451
3.1990398079615923,0.08408024662862051
3.202640528105621,0.08397492116589594
3.2062412482496496,0.08386973563436988
3.209841968393679,0.08376468982693037
3.2134426885377074,0.0836597835370531
3.2170434086817363,0.0835550165587993
3.2206441288257652,0.08345038868681383
3.2242448489697937,0.08334589971632317
3.227845569113823,0.08324154944313346
3.2314462892578515,0.08313733766362853
3.2350470094018804,0.08303326417476799
3.2386477295459093,0.08292932877408522
3.2422484496899378,0.0828255312596855
3.245849169833967,0.08272187143024405
3.2494498899779956,0.08261834908500412
3.2530506101220245,0.0825149640237751
3.2566513302660534,0.0824117160469306
3.260252050410082,0.08230860495540653
3.2638527705541107,0.08220563055069931
3.2674534906981396,0.0821027926348639
3.2710542108421685,0.08200009101051199
3.2746549309861974,0.0818975254808101
3.278255651130226,0.08179509584947778
3.281856371274255,0.08169280192078572
3.2854570914182837,0.08159064349955394
3.289057811562312,0.08148862039114999
3.2926585317063415,0.08138673240148704
3.29625925185037,0.08128497933702221
3.299859971994399,0.08118336100475464
3.3034606921384277,0.08108187721222376
3.307061412282456,0.08098052776750753
3.3106621324264855,0.08087931247922056
3.314262852570514,0.08077823115651245
3.317863572714543,0.08067728360906595
3.321464292858572,0.08057646964709528
3.3250650130026003,0.08047578908134428
3.3286657331466296,0.08037524172308479
3.332266453290658,0.08027482738411479
3.335867173434687,0.0801745458767568
3.339467893578716,0.08007439701385609
3.3430686137227443,0.07997438060877896
3.3466693338667737,0.07987449647541107
3.350270054010802,0.07977474442815577
3.353870774154831,0.07967512428193234
3.35747149429886,0.07957563585217438
3.3610722144428884,0.07947627895482809
3.3646729345869173,0.07937705340635062
3.368273654730946,0.07927795902370843
3.371874374874975,0.07917899562437561
3.375475095019004,0.07908016302633225
3.3790758151630325,0.0789814610480628
3.3826765353070614,0.07888288950855446
3.3862772554510903,0.07878444822729551
3.3898779755951187,0.07868613702427373
3.393478695739148,0.0785879557199748
3.3970794158831765,0.07848990413538068
3.4006801360272054,0.078391982091968
3.4042808561712343,0.07829418941170652
3.407881576315263,0.07819652591705749
3.411482296459292,0.07809899143097211
3.4150830166033206,0.07800158577688998
3.4186837367473495,0.0779043087787375
3.4222844568913784,0.07780716026092632
3.425885177035407,0.07771014004835185
3.429485897179436,0.07761324796639162
3.4330866173234647,0.07751648384090383
3.4366873374674936,0.07741984749822581
3.4402880576115225,0.07732333876517244
3.443888777755551,0.07722695746903471
3.44748949789958,0.07713070343757818
3.4510902180436087,0.07703457649904147
3.4546909381876376,0.07693857648213477
3.4582916583316665,0.07684270321603838
3.461892378475695,0.07674695653040119
3.465493098619724,0.07665133625533921
3.469093818763753,0.07655584222143413
3.4726945389077812,0.07646047425973183
3.4762952590518106,0.07636523220174092
3.479895979195839,0.0762701158794313
3.483496699339868,0.07617512512523275
3.487097419483897,0.0760802597720334
3.4906981396279253,0.07598551965317842
3.4942988597719546,0.07589090460246846
3.497899579915983,0.07579641445415836
3.501500300060012,0.07570204904295565
3.505101020204041,0.07560780820401918
3.5087017403480694,0.07551369177295768
3.5123024604920987,0.07541969958582843
3.515903180636127,0.07532583147913582
3.519503900780156,0.07523208728982997
3.523104620924185,0.07513846685530537
3.5267053410682134,0.07504497001339949
3.5303060612122428,0.07495159660239144
3.5339067813562712,0.07485834646100056
3.5375075015003,0.07476521942838514
3.541108221644329,0.07467221534414101
3.5447089417883575,0.07457933404830022
3.5483096619323864,0.0744865753813297
3.5519103820764153,0.07439393918412993
3.555511102220444,0.0743014252980336
3.559111822364473,0.07420903356480434
3.5627125425085016,0.07411676382663532
3.5663132626525305,0.07402461592614802
3.5699139827965594,0.0739325897063909
3.573514702940588,0.07384068501083807
3.577115423084617,0.07374890168338806
3.5807161432286456,0.07365723956836247
3.5843168633726745,0.07356569851050473
3.5879175835167034,0.07347427835497884
3.591518303660732,0.07338297894736802
3.5951190238047612,0.07329180013367353
3.5987197439487897,0.07320074176031337
3.6023204640928186,0.07310980367412102
3.6059211842368475,0.07301898572234423
3.609521904380876,0.07292828775264373
3.6131226245249053,0.07283770961309202
3.6167233446689337,0.07274725115217212
3.6203240648129626,0.07265691221877635
3.6239247849569916,0.07256669266220511
3.62752550510102,0.07247659233216566
3.631126225245049,0.07238661107877092
3.634726945389078,0.07229674875253823
3.6383276655331067,0.07220700520438818
3.6419283856771356,0.07211738028564338
3.645529105821164,0.07202787384802731
3.649129825965193,0.07193848574366311
3.652730546109222,0.0718492158250724
3.6563312662532503,0.07176006394517408
3.6599319863972797,0.07167102995728321
3.663532706541308,0.0715821137151098
3.667133426685337,0.07149331507275765
3.670734146829366,0.07140463388472322
3.6743348669733944,0.07131607000589446
3.6779355871174237,0.07122762329154966
3.681536307261452,0.07113929359735632
3.685137027405481,0.07105108077936999
3.68873774754951,0.07096298469403316
3.6923384676935385,0.0708750051981741
3.695939187837568,0.0707871421490058
3.6995399079815963,0.07069939540412479
3.703140628125625,0.07061176482151002
3.706741348269654,0.07052425025952182
3.7103420684136825,0.07043685157690072
3.713942788557712,0.07034956863276641
3.7175435087017403,0.0702624012866166
3.7211442288457692,0.07017534939832594
3.724744948989798,0.07008841282814496
3.7283456691338266,0.07000159143669894
3.7319463892778555,0.0699148850849869
3.7355471094218844,0.06982829363438046
3.7391478295659133,0.06974181694662283
3.742748549709942,0.06965545488382768
3.7463492698539707,0.06956920730847814
3.7499499899979996,0.06948307408342573
3.7535507101420285,0.06939705507188929
3.757151430286057,0.06931115013745395
3.7607521504300863,0.06922535914407012
3.7643528705741147,0.06913968195605237
3.7679535907181436,0.0690541184380785
3.7715543108621725,0.06896866845518843
3.775155031006201,0.06888333187278319
3.7787557511502303,0.06879810855662395
3.782356471294259,0.06871299837283099
3.7859571914382877,0.0686280011878826
3.7895579115823166,0.06854311686861424
3.793158631726345,0.06845834528221735
3.7967593518703744,0.06837368629623851
3.800360072014403,0.06828913977857834
3.8039607921584317,0.06820470559749058
3.8075615123024606,0.06812038362158106
3.811162232446489,0.06803617371980673
3.814762952590518,0.0679520757614747
3.818363672734547,0.06786808961624125
3.821964392878576,0.06778421515411084
3.8255651130226047,0.06770045224543522
3.829165833166633,0.06761680076091238
3.832766553310662,0.06753326057158562
3.836367273454691,0.06744983154884265
3.8399679935987194,0.06736651356441456
3.8435687137427488,0.06728330649037494
3.8471694338867772,0.0672002101991389
3.850770154030806,0.06711722456346216
3.854370874174835,0.06703434945644009
3.8579715943188635,0.06695158475150681
3.861572314462893,0.06686893032243424
3.8651730346069213,0.06678638604333119
3.86877375475095,0.06670395178864245
3.872374474894979,0.06662162743314785
3.8759751950390076,0.06653941285196138
3.879575915183037,0.06645730792053027
3.8831766353270654,0.06637531251463409
3.8867773554710943,0.06629342651038386
3.890378075615123,0.06621164978422114
3.8939787957591516,0.06612998221291716
3.897579515903181,0.06604842367357189
3.9011802360472094,0.06596697404361322
3.9047809561912383,0.06588563320079603
3.9083816763352672,0.06580440102320134
3.9119823964792957,0.06572327738923543
3.9155831166233246,0.06564226217762897
3.9191838367673535,0.06556135526743616
3.9227845569113824,0.06548055653803386
3.9263852770554113,0.06539986586912076
3.9299859971994398,0.06531928314071647
3.9335867173434687,0.06523880823316074
3.9371874374874976,0.06515844102711256
3.940788157631526,0.06507818140354935
3.9443888777755554,0.06499802924376609
3.947989597919584,0.0649179844293745
3.9515903180636127,0.06483804684230225
3.9551910382076416,0.06475821636479202
3.95879175835167,0.0646784928794008
3.9623924784956994,0.06459887626899902
3.965993198639728,0.06451936641676966
3.969593918783757,0.06443996320620755
3.9731946389277857,0.06436066652111852
3.976795359071814,0.06428147624561854
3.9803960792158435,0.06420239226413299
3.983996799359872,0.06412341446139581
3.987597519503901,0.06404454272244872
3.9911982396479297,0.06396577693264041
3.994798959791958,0.06388711697762578
3.998399679935987,0.06380856274336513
4.002000400080016,0.06373011411612339
4.0056011202240445,0.06365177098246931
4.009201840368074,0.06357353322927471
4.012802560512102,0.06349540074371371
4.016403280656132,0.06341737341326192
4.02000400080016,0.06333945112569574
4.0236047209441885,0.06326163376909151
4.027205441088217,0.06318392123182483
4.030806161232246,0.06310631340256972
4.034406881376276,0.06302881017029799
4.038007601520304,0.06295141142427832
4.041608321664333,0.06287411705407565
4.045209041808361,0.0627969269495504
4.04880976195239,0.06271984100085767
4.05241048209642,0.06264285909844658
4.056011202240448,0.06256598113305947
4.059611922384477,0.062489206995731246
4.063212642528505,0.06241253657778856
4.0668133626725345,0.06233596977084913
4.070414082816564,0.06225950646682103
4.074014802960592,0.06218314655790195
4.077615523104621,0.06210688993657847
4.081216243248649,0.06203073649562538
4.0848169633926785,0.06195468612810492
4.088417683536708,0.061878738727366114
4.092018403680736,0.061802894187044065
4.095619123824765,0.06172715240105922
4.099219843968793,0.0616515132636167
4.102820564112823,0.0615759766692056
4.106421284256852,0.061500542512598275
4.11002200440088,0.06142521068884969
4.113622724544909,0.06134998109329669
4.117223444688937,0.061274853621557344
4.120824164832967,0.06119982816953027
4.124424884976996,0.061124904633393935
4.1280256051210245,0.061050082909605986
4.131626325265053,0.06097536289490259
4.135227045409081,0.06090074448629774
4.138827765553111,0.06082622758108262
4.14242848569714,0.06075181207682494
4.1460292058411685,0.06067749787136823
4.149629925985197,0.060603284862831244
4.153230646129225,0.06052917294960727
4.156831366273255,0.06045516203036346
4.160432086417284,0.060381252004040244
4.164032806561313,0.060307442769850624
4.167633526705341,0.06023373422727955
4.1712342468493695,0.0601601262760833
4.174834966993399,0.06008661881628881
4.178435687137427,0.06001321174819304
4.182036407281457,0.05993990497236238
4.185637127425485,0.05986669838963198
4.189237847569514,0.05979359190110515
4.192838567713543,0.05972058540815271
4.196439287857571,0.0596476788124124
4.200040008001601,0.05957487201578822
4.203640728145629,0.059502164920449865
4.207241448289658,0.059429557428832075
4.210842168433686,0.059357049443634034
4.214442888577715,0.05928464086781877
4.218043608721745,0.05921233160461253
4.221644328865773,0.0591401215575042
4.225245049009802,0.0590680106302447
4.22884576915383,0.05899599872684638
4.2324464892978595,0.058924085751582436
4.236047209441889,0.0588522716089863
4.239647929585917,0.05878055620385106
4.243248649729946,0.05870893944122889
4.246849369873974,0.05863742122643043
4.250450090018004,0.058566001465024255
4.254050810162033,0.05849468006283624
4.257651530306061,0.05842345692594903
4.26125225045009,0.058352331960701435
4.264852970594118,0.05828130507368788
4.268453690738148,0.05821037617175782
4.272054410882177,0.05813954516201518
4.275655131026205,0.05806881195181781
4.279255851170234,0.05799817644877688
4.282856571314262,0.057927638560756375
4.286457291458292,0.0578571981958725
4.290058011602321,0.057786855262493136
4.2936587317463495,0.0577166096692373
4.297259451890378,0.05764646132497458
4.300860172034406,0.057576410138824606
4.304460892178436,0.0575064560201565
4.308061612322465,0.05743659887858832
4.3116623324664936,0.057366838623986546
4.315263052610522,0.05729717516646553
4.3188637727545505,0.05722760841638695
4.32246449289858,0.057158138284359325
4.326065213042609,0.05708876468123743
4.329665933186638,0.05701948751812179
4.333266653330666,0.056950306706358166
4.3368673734746945,0.056881222157537034
4.340468093618724,0.05681223378349305
4.344068813762753,0.05674334149630455
4.347669533906782,0.05667454520829301
4.35127025405081,0.056605844832022564
4.354870974194839,0.056537240280299474
4.358471694338868,0.05646873146617163
4.362072414482896,0.05640031830292805
4.365673134626926,0.056332000704098356
4.369273854770954,0.05626377858345231
4.372874574914983,0.056195651854999265
4.376475295059012,0.056127620432987725
4.3800760152030405,0.056059684231904806
4.38367673534707,0.05599184316647577
4.387277455491098,0.05592409715166353
4.390878175635127,0.05585644610266815
4.394478895779155,0.05578888993492639
4.3980796159231845,0.05572142856411119
4.401680336067214,0.05565406190613122
4.405281056211242,0.05558678987713039
4.408881776355271,0.05551961239348734
4.412482496499299,0.055452529371815044
4.416083216643329,0.055385540728960264
4.419683936787358,0.05531864638200312
4.423284656931386,0.055251846248256624
4.426885377075415,0.0551851402452662
4.430486097219443,0.05511852829080921
4.434086817363473,0.05505201030289454
4.437687537507502,0.054985586199762106
4.4412882576515305,0.0549192558998824
4.444888977795559,0.05485301932195604
4.448489697939587,0.054786876384913336
4.452090418083617,0.054720827007913815
4.455691138227646,0.054654871110345796
4.4592918583716745,0.054589008611825925
4.462892578515703,0.05452323943219875
4.466493298659731,0.05445756349153627
4.470094018803761,0.0543919807101375
4.47369473894779,0.05432649100852802
4.477295459091819,0.05426109430745959
4.480896179235847,0.05419579052790965
4.4844968993798755,0.054130579591080925
4.488097619523905,0.05406546141840102
4.491698339667934,0.054000435931521935
4.495299059811963,0.05393550305231971
4.498899779955991,0.05387066270289394
4.50250050010002,0.0538059148055674
4.506101220244049,0.05374125928288562
4.509701940388078,0.053676696057616435
4.513302660532107,0.053612225052749624
4.516903380676135,0.05354784619149646
4.520504100820164,0.05348355939728932
4.524104820964193,0.053419364593781264
4.527705541108221,0.05335526170484565
4.531306261252251,0.0532912506545757
4.534906981396279,0.05322733136728413
4.538507701540308,0.05316350376750274
4.542108421684337,0.053099767779982016
4.5457091418283655,0.053036123329690724
4.549309861972395,0.05297257034181554
4.552910582116423,0.05290910874176063
4.556511302260452,0.052845738455147284
4.560112022404481,0.05278245940781354
4.56371274254851,0.052719271525813745
4.567313462692539,0.05265617473541824
4.570914182836567,0.05259316896311293
4.574514902980596,0.05253025413559893
4.578115623124624,0.05246743017979218
4.581716343268654,0.05240469702282305
4.585317063412683,0.05234205459203601
4.588917783556711,0.05227950281498922
4.59251850370074,0.05221704161945419
4.596119223844768,0.05215467093341537
4.599719943988798,0.05209239068506984
4.603320664132827,0.05203020080282691
4.6069213842768555,0.051968101215307747
4.610522104420884,0.051906091851345065
4.614122824564912,0.05184417263998272
4.617723544708942,0.05178234351047537
4.621324264852971,0.05172060439228813
4.6249249849969996,0.051658955215096204
4.628525705141028,0.051597395908784545
4.6321264252850565,0.05153592640344751
4.635727145429086,0.051474546629388496
4.639327865573115,0.051413256517119615
4.642928585717144,0.05135205599736134
4.646529305861172,0.051290945001042164
4.6501300260052005,0.05122992345929827
4.65373074614923,0.05116899130347319
4.657331466293259,0.05110814846511745
4.660932186437288,0.051047394875988285
4.664532906581316,0.050986730468049246
4.668133626725345,0.05092615517346991
4.671734346869374,0.05086566892462556
4.675335067013403,0.05080527165409681
4.678935787157432,0.05074496329466934
4.68253650730146,0.05068474377933353
4.686137227445489,0.05062461304128416
4.689737947589518,0.0505645710139201
4.693338667733547,0.05050461763084394
4.696939387877576,0.05044475282586176
4.700540108021604,0.05038497653298275
4.704140828165633,0.05032528868641892
4.707741548309662,0.050265689220584775
4.7113422684536905,0.05020617807009705
4.71494298859772,0.050146755169774355
4.718543708741748,0.0500874204546369
4.722144428885777,0.05002817385990617
4.725745149029806,0.04996901532100466
4.729345869173835,0.04990994477355553
4.732946589317864,0.04985096215338234
4.736547309461892,0.04979206739650875
4.740148029605921,0.04973326043915822
4.74374874974995,0.04967454121775371
4.747349469893979,0.0496159096689174
4.750950190038008,0.04955736572947042
4.7545509101820365,0.04949890933643252
4.758151630326065,0.04944054042702182
4.761752350470093,0.049382258938654514
4.765353070614123,0.049324064808944586
4.768953790758152,0.04926595797570354
4.7725545109021805,0.04920793837694011
4.776155231046209,0.04915000595086
4.779755951190237,0.04909216063586558
4.783356671334267,0.049034402370555646
4.786957391478296,0.048976731093725134
4.790558111622325,0.04891914674436485
4.794158831766353,0.0488616492616612
4.7977595519103815,0.048804238584995926
4.801360272054411,0.04874691465394585
4.80496099219844,0.0486896774082826
4.808561712342469,0.04863252678797235
4.812162432486497,0.04857546273317557
4.815763152630526,0.04851848518424676
4.819363872774555,0.048461594081734186
4.822964592918584,0.04840478936637966
4.826565313062613,0.048348070979118245
4.830166033206641,0.04829143886107802
4.83376675335067,0.04823489295357985
4.837367473494699,0.04817843319813711
4.840968193638728,0.04812205953645546
4.844568913782757,0.04806577191043257
4.848169633926785,0.04800957026215793
4.851770354070814,0.04795345453391256
4.855371074214843,0.04789742466816879
4.858971794358872,0.04784148060759003
4.862572514502901,0.04778562229503053
4.866173234646929,0.047729849673535114
4.869773954790958,0.04767416268633901
4.873374674934987,0.04761856127686757
4.8769753950790165,0.04756304538873604
4.880576115223045,0.04750761496574937
4.884176835367073,0.047452269951901965
4.887777555511102,0.04739701029137744
4.891378275655131,0.04734183592854843
4.89497899579916,0.04728674680797637
4.898579715943189,0.047231742874411245
4.902180436087217,0.0471768240727914
4.905781156231246,0.0471219903482433
4.909381876375275,0.047067241646081344
4.912982596519304,0.047012577911807636
4.916583316663333,0.046957999091111764
4.9201840368073615,0.04690350512987061
4.92378475695139,0.04684909597414813
4.927385477095419,0.04679477157019515
4.930986197239448,0.04674053186444915
4.934586917383477,0.0466863768035341
4.938187637527506,0.0466323063342602
4.941788357671534,0.04657832040362373
4.9453890778155625,0.046524418958806824
4.948989797959592,0.04647060194717728
4.952590518103621,0.04641686931628837
4.95619123824765,0.04636322101387864
4.959791958391678,0.046309656987871706
4.9633926785357065,0.046256177186376105
4.966993398679736,0.04620278155768505
4.970594118823765,0.04614947005027629
4.974194838967794,0.046096242612811894
4.977795559111822,0.046043099194138085
4.981396279255851,0.04599003974328504
4.98499699939988,0.04593706420946673
4.988597719543909,0.04588417254208072
4.992198439687938,0.04583136469070801
4.995799159831966,0.04577864060511284
4.999399879975995,0.04572600023524253
5.003000600120024,0.0456734435312273
5.006601320264053,0.0456209704433801
5.010202040408082,0.04556858092219644
5.01380276055211,0.04551627491835423
5.017403480696139,0.04546405238271358
5.021004200840168,0.04541191326631668
5.024604920984197,0.04535985752038761
5.028205641128226,0.045307885096332184
5.031806361272254,0.04525599594573779
5.035407081416283,0.045204190020373215
5.039007801560312,0.04515246727218852
5.0426085217043415,0.045100827653314864
5.04620924184837,0.045049271116064334
5.049809961992398,0.044997797612929824
5.053410682136427,0.044946407096584866
5.057011402280456,0.044895099519883484
5.0606121224244855,0.04484387483586004
5.064212842568514,0.0447927329977291
5.0678135627125425,0.04474167395888528
5.071414282856571,0.044690697672903096
5.0750150030006,0.04463980409353683
5.078615723144629,0.0445889931747204
5.082216443288658,0.044538264870567196
5.0858171634326865,0.04448761913536997
5.089417883576715,0.04443705592360068
5.093018603720744,0.044386575189910356
5.096619323864773,0.044336176889128984
5.100220044008802,0.04428586097626536
5.103820764152831,0.04423562740650695
5.107421484296859,0.04418547613521981
5.111022204440888,0.044135407117948396
5.114622924584917,0.04408542031041548
5.118223644728946,0.044035515668522006
5.121824364872975,0.043985693148346994
5.125425085017003,0.043935952706147384
5.129025805161032,0.04388629429835794
5.132626525305061,0.04383671788159114
5.13622724544909,0.04378722341263703
5.139827965593119,0.043737810848463135
5.143428685737147,0.04368848014621435
5.147029405881176,0.04363923126321279
5.150630126025205,0.043590064156957736
5.154230846169234,0.04354097878512547
5.157831566313263,0.04349197510556922
5.161432286457291,0.04344305307631902
5.16503300660132,0.043394212655581625
5.168633726745349,0.04334545380174038
5.172234446889378,0.04329677647335516
5.175835167033407,0.043248180629162254
5.179435887177435,0.043199666228074245
5.183036607321464,0.04315123322917995
5.186637327465493,0.0431028815917443
5.1902380476095225,0.04305461127520826
5.193838767753551,0.04300642223918873
5.197439487897579,0.04295831444347845
5.201040208041608,0.04291028784804595
5.204640928185637,0.0428623424130354
5.2082416483296665,0.04281447809876657
5.211842368473695,0.04276669486573473
5.215443088617723,0.04271899267461057
5.219043808761752,0.04267137148624014
5.222644528905781,0.042623831261644714
5.226245249049811,0.04257637196202078
5.229845969193839,0.042528993548739916
5.2334466893378675,0.042481695983348736
5.237047409481896,0.042434479227568815
5.240648129625925,0.04238734324329661
5.244248849769955,0.042340287992603406
5.247849569913983,0.04229331343773522
5.251450290058012,0.042246419541112766
5.25505101020204,0.042199606265331355
5.258651730346069,0.04215287357316086
5.262252450490098,0.04210622142754564
5.265853170634127,0.042059649791604474
5.269453890778156,0.04201315862863053
5.273054610922184,0.04196674790209127
5.276655331066213,0.0419204175756284
5.280256051210242,0.04187416761305785
5.283856771354271,0.041827997978369676
5.2874574914983,0.041781908635728025
5.291058211642328,0.0417358995494711
5.2946589317863575,0.041689970684111094
5.298259651930386,0.041644122004334136
5.301860372074415,0.041598353475000266
5.305461092218444,0.04155266506114338
5.309061812362472,0.041507056727971184
5.312662532506501,0.041461528440865154
5.31626325265053,0.04141608016538051
5.319863972794559,0.04137071186724616
5.323464692938588,0.04132542351236467
5.327065413082616,0.04128021506681223
5.330666133226645,0.041235086496838616
5.334266853370674,0.04119003776886716
5.337867573514703,0.041145068849494745
5.341468293658732,0.04110017970549172
5.34506901380276,0.04105537030380192
5.348669733946789,0.04101064061154263
5.352270454090818,0.04096599059600455
5.3558711742348475,0.040921420224651776
5.359471894378876,0.04087692946512179
5.363072614522904,0.04083251828522542
5.366673334666933,0.040788186652946846
5.370274054810962,0.040743934536443566
5.3738747749549916,0.04069976190404638
5.37747549509902,0.04065566872425939
5.3810762152430485,0.040611654965759976
5.384676935387077,0.0405677205973988
5.388277655531106,0.04052386558819978
5.391878375675136,0.04048008990736009
5.395479095819164,0.04043639352425015
5.3990798159631925,0.04039277640841365
5.402680536107221,0.0403492385295675
5.40628125625125,0.04030577985760186
5.40988197639528,0.040262400362580136
5.413482696539308,0.04021910001473898
5.417083416683337,0.0401758787844883
5.420684136827365,0.040132736642411244
5.424284856971394,0.04008967355926424
5.427885577115424,0.04004668950597697
5.431486297259452,0.04000378445365242
5.435087017403481,0.03996095837356684
5.438687737547509,0.03991821123716981
5.4422884576915385,0.0398755430160842
5.445889177835567,0.03983295368210626
5.449489897979596,0.03979044320720555
5.453090618123625,0.039748011563525046
5.456691338267653,0.03970565872338108
5.4602920584116825,0.03966338465926343
5.463892778555711,0.0396211893438353
5.46749349869974,0.03957907274993337
5.471094218843769,0.03953703485056782
5.474694938987797,0.03949507561892235
5.478295659131827,0.039453195028354204
5.481896379275855,0.03941139305239423
5.485497099419884,0.03936966966474689
5.489097819563913,0.03932802483929031
5.492698539707941,0.03928645855007629
5.49629925985197,0.0392449707713304
5.499899979995999,0.039203561477451944
5.5035007001400285,0.039162230643014065
5.507101420284057,0.03912097824276376
5.510702140428085,0.03907980425162193
5.514302860572114,0.03903870864468341
5.517903580716143,0.03899769139721706
5.5215043008601725,0.03895675248466578
5.525105021004201,0.03891589188264656
5.528705741148229,0.03887510956695056
5.532306461292258,0.03883440551354315
5.535907181436287,0.03879377969856394
5.539507901580317,0.0387532320983269
5.543108621724345,0.038712762689320356
5.5467093418683735,0.038672371448207093
5.550310062012402,0.0386320583518244
5.553910782156431,0.03859182337718414
5.557511502300461,0.03855166650147283
5.561112222444489,0.03851158770205166
5.564712942588518,0.03847158695645664
5.568313662732546,0.0384316642423986
5.571914382876575,0.03839181953776331
5.575515103020605,0.03835205282061152
5.579115823164633,0.038312364069179074
5.582716543308662,0.03827275326187695
5.58631726345269,0.03823322037729137
5.589917983596719,0.03819376539418387
5.593518703740749,0.03815438829149137
5.597119423884777,0.038115089048326285
5.600720144028806,0.038075867643976594
5.604320864172834,0.03803672405790593
5.6079215843168635,0.037997658269753674
5.611522304460893,0.037958670259335046
5.615123024604921,0.037919760006641205
5.61872374474895,0.03788092749183932
5.622324464892978,0.037842172695272694
5.625925185037008,0.03780349559746085
5.629525905181036,0.037764896179099644
5.633126625325065,0.03772637442106134
5.636727345469094,0.03768793030439473
5.640328065613122,0.03764956381032527
5.643928785757152,0.03761127492025511
5.64752950590118,0.037573063615763284
5.651130226045209,0.03753492987860578
5.654730946189238,0.037496873690715644
5.658331666333266,0.03745889503420313
5.661932386477296,0.03742099389135579
5.665533106621324,0.037383170244638574
5.6691338267653535,0.03734542407669401
5.672734546909382,0.03730775537034225
5.67633526705341,0.03727016410858126
5.679935987197439,0.0372326502745869
5.683536707341468,0.03719521385171307
5.6871374274854976,0.03715785482349184
5.690738147629526,0.037120573173633556
5.6943388677735545,0.03708336888602701
5.697939587917583,0.03704624194473954
5.701540308061612,0.037009192334017185
5.705141028205642,0.03697222003828483
5.70874174834967,0.0369353250421463
5.7123424684936985,0.036898507330384564
5.715943188637727,0.03686176688796183
5.719543908781756,0.036825103700019714
5.723144628925786,0.03678851775187937
5.726745349069814,0.03675200902904166
5.730346069213843,0.03671557751718728
5.733946789357871,0.036679223202176925
5.7375475095019,0.03664294607005144
5.74114822964593,0.03660674610703198
5.744748949789958,0.03657062329952017
5.748349669933987,0.036534577634098245
5.751950390078015,0.03649860909752923
5.7555511102220445,0.0364627176767571
5.759151830366074,0.03642690335890694
5.762752550510102,0.03639116613128512
5.766353270654131,0.03635550598137944
5.769953990798159,0.03631992289685935
5.7735547109421885,0.03628441686557606
5.777155431086218,0.03624898787556278
5.780756151230246,0.03621363591503483
5.784356871374275,0.036178360972389856
5.787957591518303,0.03614316303620803
5.791558311662333,0.036108042095252174
5.795159031806362,0.036072998138468
5.79875975195039,0.036038031154984274
5.802360472094419,0.03600314113411299
5.805961192238447,0.03596832806534957
5.809561912382477,0.03593359193837307
5.813162632526505,0.03589893274304636
5.8167633526705345,0.035864350469416335
5.820364072814563,0.03582984510771407
5.823964792958591,0.03579541664835508
5.827565513102621,0.03576106508193947
5.831166233246649,0.035726790399252174
5.8347669533906785,0.035692592591263145
5.838367673534707,0.035658471649127554
5.841968393678735,0.03562442756418603
5.845569113822765,0.03559046032796484
5.849169833966793,0.03555656993217611
5.852770554110823,0.03552275636871805
5.856371274254851,0.035489019629675184
5.8599719943988795,0.03545535970731853
5.863572714542908,0.03542177659410585
5.867173434686937,0.035388270282681884
5.870774154830967,0.035354840765878554
5.874374874974995,0.03532148803671519
5.877975595119024,0.03528821208839878
5.881576315263052,0.035255012914324195
5.885177035407081,0.03522189050807441
5.888777755551111,0.03518884486342075
5.892378475695139,0.03515587597432314
5.895979195839168,0.03512298383493033
5.899579915983196,0.03509016843958015
5.903180636127225,0.03505742978279973
5.906781356271255,0.03502476785930578
5.910382076415283,0.03499218266400481
5.913982796559312,0.03495967419199342
5.91758351670334,0.0349272424385585
5.9211842368473695,0.03489488739917753
5.924784956991399,0.03486260906951882
5.928385677135427,0.03483040744544176
5.931986397279456,0.03479828252299712
5.935587117423484,0.03476623429842726
5.939187837567514,0.03473426276816645
5.942788557711543,0.03470236792884109
5.946389277855571,0.03467054977727002
5.9499899979996,0.03463880831046478
5.953590718143628,0.034607143525629866
5.957191438287658,0.03457555542016304
5.960792158431687,0.03454404399165558
5.964392878575715,0.0345126092378926
5.967993598719744,0.0344812511568533
5.971594318863772,0.03444996974671125
5.975195039007802,0.03441876500583471
5.978795759151831,0.034387636932786896
5.9823964792958595,0.03435658552632628
5.985997199439888,0.034325610785406906
5.989597919583916,0.03429471270917864
5.993198639727946,0.034263891296987516
5.996799359871974,0.034233146548376024
6.000400080016004,0.034202478463083406
6.004000800160032,0.03417188704104598
6.0076015203040605,0.034141372282397435
6.01120224044809,0.034110934187469154
6.014802960592118,0.034080572756790516
6.018403680736148,0.03405028799108923
6.022004400880176,0.03402007989129163
6.0256051210242045,0.03398994845852304
6.029205841168234,0.03395989369410804
6.032806561312262,0.033929915599570835
6.036407281456292,0.03390001417663558
6.04000800160032,0.033870189427226687
6.043608721744349,0.03384044135346918
6.047209441888378,0.03381076995768904
6.050810162032406,0.0337811752424135
6.054410882176435,0.033751657210371454
6.058011602320464,0.03372221586449373
6.061612322464493,0.033692851207913495
6.065213042608522,0.033663563243966556
6.0688137627525505,0.03363435197619175
6.072414482896579,0.03360521740833128
6.076015203040608,0.033576159544331054
6.079615923184637,0.03354717838834108
6.083216643328666,0.03351827394471581
6.0868173634726945,0.033489446218014494
6.090418083616723,0.03346069521300157
6.094018803760752,0.03343202093464701
6.097619523904781,0.033403423388126706
6.10122024404881,0.033374902578822835
6.104820964192839,0.03334645851232424
6.108421684336867,0.03331809119442682
6.112022404480896,0.0332898006311339
6.115623124624925,0.03326158682865662
6.119223844768954,0.033233449793414305
6.122824564912983,0.0332053895320349
6.126425285057011,0.033177406051355315
6.1300260052010405,0.03314949935842185
6.133626725345069,0.033121669460490576
6.137227445489098,0.03309391636502776
6.140828165633127,0.033066240079710235
6.144428885777155,0.03303864061242583
6.1480296059211845,0.03301111797127379
6.151630326065213,0.032983672164565145
6.155231046209241,0.03295630320082317
6.158831766353271,0.03292901108878379
6.162432486497299,0.032901795837395977
6.166033206641329,0.03287465745582221
6.169633926785357,0.03284759595343887
6.1732346469293855,0.03282061133983669
6.176835367073415,0.03279370362482119
6.180436087217443,0.03276687281841307
6.184036807361473,0.0327401189308487
6.187637527505501,0.03271344197258055
6.19123824764953,0.03268684195427759
6.194838967793559,0.0326603188868258
6.198439687937587,0.03263387278132857
6.202040408081617,0.03260750364910719
6.205641128225645,0.032581211501701256
6.209241848369674,0.032554996350869184
6.212842568513703,0.032528858208588626
6.216443288657731,0.03250279708705697
6.220044008801761,0.03247681299869179
6.223644728945789,0.0324509059561313
6.227245449089818,0.03242507597223486
6.230846169233847,0.032399323060083425
6.2344468893778755,0.03237364723298004
6.238047609521904,0.03234804850445033
6.241648329665933,0.03232252688824296
6.245249049809962,0.03229708239833014
6.248849769953991,0.03227171504890811
6.25245049009802,0.03224642485439766
6.256051210242048,0.032221211829444575
6.259651930386077,0.03219607598892019
6.263252650530106,0.03217101734792188
6.266853370674135,0.03214603592177354
6.270454090818164,0.03212113172602613
6.274054810962192,0.032096304776458175
6.277655531106221,0.032071555089076276
6.28125625125025,0.03204688268011565
6.284856971394279,0.03202228756604063
6.288457691538308,0.03199776976354521
6.292058411682336,0.03197332928955356
6.2956591318263655,0.0319489661612206
6.299259851970394,0.03192468039593247
6.302860572114423,0.03190047201130712
6.306461292258452,0.03187634102519485
6.31006201240248,0.031852287455678835
6.31366273254651,0.031828311321075706
6.317263452690538,0.03180441263993607
6.320864172834567,0.031780591431045085
6.324464892978596,0.03175684771342304
6.328065613122624,0.03173318150632588
6.331666333266654,0.03170959282924581
6.335267053410682,0.03168608170191184
6.3388677735547105,0.03166264814429037
6.34246849369874,0.03163929217658579
6.346069213842768,0.03161601381924101
6.349669933986798,0.03159281309293809
6.353270654130826,0.031569690018598835
6.356871374274855,0.03154664461738534
6.360472094418884,0.03152367691070065
6.364072814562912,0.03150078692018929
6.367673534706942,0.031477974667737926
6.37127425485097,0.031455240175475956
6.374874974994999,0.031432583465776105
6.378475695139028,0.031410004561255055
6.3820764152830565,0.031387503484774065
6.385677135427086,0.03136508025943959
6.389277855571114,0.031342734908603904
6.392878575715143,0.03132046745586573
6.396479295859172,0.03129827792507088
6.4000800160032005,0.03127616634031289
6.40368073614723,0.03125413272593366
6.407281456291258,0.031232177106524095
6.410882176435287,0.031210299506924773
6.414482896579316,0.031188499952226573
6.418083616723345,0.031166778467771352
6.421684336867373,0.031145135079152595
6.425285057011402,0.031123569812216083
6.428885777155431,0.031102082693060563
6.43248649729946,0.031080673748038426
6.436087217443489,0.031059343003756373
6.439687937587517,0.03103809048707611
6.4432886577315465,0.031016916225115015
6.446889377875575,0.03099582024524685
6.450490098019604,0.03097480257510244
6.454090818163633,0.03095386324257037
6.457691538307661,0.0309330022757977
6.4612922584516905,0.030912219703190646
6.464892978595719,0.030891515553415322
6.468493698739748,0.03087088985539843
6.472094418883777,0.030850342638327997
6.475695139027805,0.030829873931654077
6.479295859171835,0.0308094837650895
6.482896579315863,0.030789172168610594
6.486497299459892,0.030768939172457915
6.490098019603921,0.030748784807136997
6.493698739747949,0.030728709103419096
6.497299459891979,0.030708712092341935
6.500900180036007,0.030688793805210463
6.5045009001800365,0.030668954273597605
6.508101620324065,0.03064919352934503
6.511702340468093,0.03062951160456393
6.515303060612123,0.03060990853163576
6.518903780756151,0.030590384343213057
6.52250450090018,0.03057093907222018
6.526105221044209,0.03055157275185412
6.529705941188237,0.030532285415585288
6.533306661332267,0.030513077097158302
6.536907381476295,0.030493947830592793
6.540508101620324,0.030474897650184206
6.544108821764353,0.030455926590504608
6.5477095419083815,0.03043703468640351
6.551310262052411,0.030418221973008672
6.554910982196439,0.030399488485726944
6.558511702340468,0.030380834260245074
6.562112422484497,0.030362259332530558
6.565713142628526,0.03034376373883247
6.569313862772555,0.03032534751568231
6.572914582916583,0.030307010699894842
6.576515303060612,0.030288753328568962
6.580116023204641,0.030270575439088544
6.58371674334867,0.030252477069123308
6.587317463492699,0.030234458256629685
6.590918183636727,0.030216519039851696
6.594518903780756,0.030198659457321825
6.598119623924785,0.030180879547861906
6.601720344068814,0.030163179350584008
6.605321064212842,0.03014555890489133
6.6089217843568715,0.030128018250479113
6.6125225045009,0.030110557427335517
6.616123224644929,0.030093176475742556
6.619723944788958,0.030075875436277003
6.623324664932986,0.03005865434981131
6.626925385077016,0.030041513257514536
6.630526105221044,0.030024452200853282
6.634126825365073,0.030007471221592617
6.637727545509102,0.02999057036179703
6.64132826565313,0.02997374966383138
6.64492898579716,0.02995700917036184
6.648529705941188,0.029940348924356857
6.652130426085217,0.029923768969088126
6.655731146229246,0.02990726934813155
6.659331866373274,0.029890850105368228
6.662932586517304,0.029874511284985424
6.666533306661332,0.029858252931477557
6.6701340268053615,0.029842075089647202
6.67373474694939,0.029825977804606083
6.677335467093418,0.029809961121776078
6.680936187237448,0.029794025086890233
6.684536907381476,0.029778169745993777
6.688137627525506,0.029762395145445143
6.691738347669534,0.029746701331916998
6.6953390678135625,0.02973108835239728
6.698939787957592,0.02971555625419024
6.70254050810162,0.029700105084917477
6.706141228245649,0.02968473489251901
6.709741948389678,0.029669445725254324
6.7133426685337065,0.02965423763170344
6.716943388677736,0.029639110660767982
6.720544108821764,0.029624064861672267
6.724144828965793,0.029609100283964372
6.727745549109822,0.029594216977517244
6.731346269253851,0.02957941499252978
6.73494698939788,0.029564694379527936
6.738547709541908,0.02955005518936585
6.742148429685937,0.029535497473226945
6.745749149829966,0.029521021282625043
6.749349869973995,0.02950662666940552
6.752950590118024,0.02949231368574643
6.7565513102620525,0.029478082384159637
6.760152030406081,0.029463932817491986
6.76375275055011,0.02944986503892644
6.767353470694139,0.02943587910198326
6.770954190838168,0.029421975060521164
6.7745549109821965,0.029408152968738506
6.778155631126225,0.02939441288117447
6.781756351270254,0.02938075485271024
6.785357071414283,0.02936717893857023
6.788957791558311,0.029353685194323253
6.792558511702341,0.02934027367588376
6.796159231846369,0.029326944439513045
6.799759951990398,0.029313697541820484
6.803360672134427,0.029300533039764754
6.806961392278455,0.029287450990655085
6.810562112422485,0.029274451452152506
6.814162832566513,0.0292615344822711
6.8177635527105425,0.029248700139379264
6.821364272854571,0.029235948482200985
6.824964992998599,0.029223279569817122
6.828565713142629,0.029210693461666676
6.832166433286657,0.0291981902175481
6.8357671534306865,0.029185769897620593
6.839367873574715,0.029173432562405406
6.842968593718743,0.029161178272787167
6.846569313862773,0.029149007090015198
6.850170034006801,0.029136919075704846
6.853770754150831,0.029124914291838833
6.857371474294859,0.02911299280076859
6.8609721944388875,0.02910115466521563
6.864572914582917,0.029089399948272893
6.868173634726945,0.029077728713406133
6.871774354870974,0.029066141024455292
6.875375075015003,0.029054636945635887
6.878975795159032,0.029043216541540413
6.882576515303061,0.029031879877139746
6.886177235447089,0.029020627017784552
6.889777955591118,0.029009458029206712
6.893378675735147,0.02899837297752075
6.896979395879176,0.02898737192922528
6.900580116023205,0.028976454951204447
6.904180836167233,0.028965622110729377
6.907781556311262,0.028954873475459657
6.911382276455291,0.028944209113444794
6.91498299659932,0.028933629093125707
6.918583716743349,0.02892313348333622
6.9221844368873775,0.02891272235330454
6.925785157031406,0.028902395772654806
6.929385877175435,0.028892153811408566
6.932986597319464,0.02888199653998633
6.936587317463493,0.0288719240292091
6.940188037607522,0.028861936350299915
6.94378875775155,0.028852033574885402
6.947389477895579,0.028842215774997345
6.950990198039608,0.02883248302307426
6.954590918183637,0.028822835391962977
6.958191638327666,0.028813272954920227
6.961792358471694,0.02880379578561425
6.965393078615723,0.02879440395812641
6.968993798759752,0.028785097546952812
6.97259451890378,0.028775876627005925
6.97619523904781,0.028766741273616243
6.979795959191838,0.028757691562533917
6.9833966793358675,0.028748727569930427
6.986997399479896,0.028739849372400254
6.990598119623924,0.028731057046962556
6.994198839767954,0.02872235067106286
6.997799559911982,0.028713730322574762
7.001400280056012,0.028705196079801654
7.00500100020004,0.02869674802147842
7.0086017203440685,0.028688386226773194
7.012202440488098,0.028680110775289085
7.015803160632126,0.028671921747065947
7.019403880776156,0.02866381922258213
7.023004600920184,0.028655803282756263
7.0266053210642125,0.028647874008949036
7.030206041208242,0.028640031482965005
7.03380676135227,0.02863227578705439
7.0374074814963,0.028624607003914896
7.041008201640328,0.028617025216693553
7.044608921784357,0.028609530508988547
7.048209641928386,0.028602122964851075
7.051810362072414,0.02859480266878721
7.055411082216443,0.028587569705759777
7.059011802360472,0.028580424161190242
7.062612522504501,0.028573366120960605
7.06621324264853,0.028566395671415314
7.0698139627925585,0.028559512899363187
7.073414682936587,0.028552717892079343
7.077015403080616,0.02854601073730715
7.080616123224645,0.02853939152326018
7.084216843368674,0.028532860338624184
7.0878175635127025,0.02852641727255907
7.091418283656731,0.028520062414700897
7.09501900380076,0.028513795855163882
7.098619723944789,0.028507617684542418
7.102220444088818,0.02850152799391311
7.105821164232847,0.028495526874836807
7.109421884376875,0.028489614419360675
7.113022604520904,0.02848379072002025
7.116623324664933,0.028478055869841534
7.120224044808962,0.028472409962343077
7.123824764952991,0.0284668530915381
7.127425485097019,0.028461385351936604
7.1310262052410485,0.028456006838547505
7.134626925385077,0.02845071764688079
7.138227645529106,0.02844551787294967
7.141828365673135,0.028440407613272763
7.145429085817163,0.028435386964876273
7.1490298059611925,0.028430456025296195
7.152630526105221,0.028425614892580536
7.1562312462492494,0.02842086366529153
7.159831966393279,0.028416202442507907
7.163432686537307,0.02841163132382712
7.167033406681337,0.028407150409367643
7.170634126825365,0.02840275979977124
7.1742348469693935,0.02839845959620527
7.177835567113423,0.02839424990036501
7.181436287257451,0.028390130814475976
7.185037007401481,0.028386102441296263
7.188637727545509,0.028382164884118915
7.192238447689538,0.02837831824677429
7.195839167833567,0.02837456263363246
7.199439887977595,0.028370898149605604
7.203040608121625,0.02836732490015043
7.206641328265653,0.028363842991270607
7.210242048409682,0.02836045252951923
7.213842768553711,0.028357153622001263
7.217443488697739,0.028353946376376043
7.221044208841769,0.028350830900859755
7.224644928985797,0.02834780730422797
7.228245649129826,0.02834487569581814
7.231846369273855,0.028342036185532188
7.2354470894178835,0.028339288883839027
7.239047809561912,0.028336633901777163
7.242648529705941,0.02833407135095728
7.24624924984997,0.028331601343564855
7.249849969993999,0.028329223992362786
7.253450690138028,0.028326939410694037
7.257051410282056,0.028324747712484288
7.260652130426085,0.028322649012244634
7.264252850570114,0.028320643425074263
7.267853570714143,0.028318731066663185
7.271454290858172,0.028316912053294948
7.2750550110022,0.028315186501849395
7.278655731146229,0.02831355452980543
7.282256451290258,0.028312016255243804
7.285857171434287,0.028310571796849912
7.289457891578316,0.028309221273916618
7.293058611722344,0.028307964806347088
7.2966593318663735,0.028306802514657656
7.300260052010402,0.02830573451998069
7.303860772154431,0.028304760944067496
7.30746149229846,0.02830388190929123
7.311062212442488,0.02830309753864982
7.314662932586518,0.02830240795576893
7.318263652730546,0.02830181328490493
7.321864372874575,0.02830131365094788
7.325465093018604,0.02830090917942454
7.329065813162632,0.0283005999965014
7.332666533306662,0.028300386228987746
7.33626725345069,0.0283002680043387
7.3398679735947185,0.02830024545065834
7.343468693738748,0.028300318696702784
7.347069413882776,0.028300487871883342
7.350670134026806,0.028300753106269654
7.354270854170834,0.02830111453059287
7.357871574314863,0.02830157227624884
7.361472294458892,0.028302126475301326
7.36507301460292,0.028302777260485242
7.36867373474695,0.02830352476520991
7.372274454890978,0.02830436912356234
7.375875175035007,0.028305310470310527
7.379475895179036,0.028306348940906778
7.3830766153230645,0.028307484671491058
7.386677335467094,0.028308717798894347
7.390278055611122,0.028310048460642043
7.393878775755151,0.028311476794957366
7.39747949589918,0.028313002940764796
7.4010802160432085,0.028314627037693534
7.404680936187238,0.028316349226080978
7.408281656331266,0.02831816964697623
7.411882376475295,0.028320088442143627
7.415483096619324,0.02832210575406629
7.419083816763353,0.0283242217259497
7.422684536907381,0.028326436501725304
7.42628525705141,0.028328750226054134
7.429885977195439,0.02833116304433046
7.433486697339468,0.028333675102685456
7.437087417483497,0.028336286547990912
7.440688137627525,0.02833899752786295
7.4442888577715545,0.028341808190665767
7.447889577915583,0.028344718685515427
7.451490298059612,0.028347729162283647
7.455091018203641,0.02835083977160163
7.458691738347669,0.028354050664863916
7.4622924584916985,0.02835736199423226
7.465893178635727,0.028360773912639543
7.469493898779756,0.028364286573793692
7.473094618923785,0.028367900132181656
7.476695339067813,0.02837161474307338
7.480296059211843,0.028375430562525828
7.483896779355871,0.028379347747387013
7.4874974994999,0.02838336645530008
7.491098219643929,0.02838748684470739
7.494698939787957,0.028391709074854662
7.498299659931987,0.028396033305795113
7.501900380076015,0.028400459698393648
7.5055011002200445,0.028404988414331075
7.509101820364073,0.028409619616108342
7.512702540508101,0.028414353467050804
7.516303260652131,0.028419190131312538
7.519903980796159,0.028424129773880657
7.523504700940188,0.028429172560579686
7.527105421084217,0.028434318658075945
7.530706141228245,0.028439568233881975
7.534306861372275,0.028444921456360985
7.537907581516303,0.028450378494731348
7.541508301660332,0.02845593951907111
7.545109021804361,0.02846160470032253
7.5487097419483895,0.02846737421029668
7.552310462092419,0.02847324822167804
7.555911182236447,0.02847922690802915
7.559511902380476,0.02848531044379529
7.563112622524505,0.028491499004309178
7.566713342668534,0.028497792765795737
7.570314062812563,0.028504191905376848
7.573914782956591,0.02851069660107618
7.57751550310062,0.028517307031824028
7.581116223244649,0.028524023377462192
7.584716943388678,0.0285308458187489
7.588317663532707,0.028537774537363753
7.591918383676735,0.02854480971591271
7.595519103820764,0.02855195153793311
7.599119823964793,0.028559200187898745
7.602720544108822,0.028566555851224924
7.60632126425285,0.02857401871427363
7.6099219843968795,0.028581588964358674
7.613522704540908,0.02858926678975091
7.617123424684937,0.028597052379683463
7.620724144828966,0.028604945924357025
7.624324864972994,0.028612947614945164
7.627925585117024,0.028621057643599682
7.631526305261052,0.028629276203456018
7.635127025405081,0.028637603488638672
7.63872774554911,0.02864603969426669
7.642328465693138,0.028654585016459174
7.645929185837168,0.028663239652340834
7.649529905981196,0.028672003800047596
7.653130626125225,0.028680877658732222
7.656731346269254,0.028689861428570003
7.660332066413282,0.028698955310764464
7.663932786557312,0.028708159507553135
7.66753350670134,0.02871747422221336
7.6711342268453695,0.028726899659068123
7.674734946989398,0.028736436023491966
7.678335667133426,0.028746083521916897
7.681936387277456,0.028755842361838386
7.685537107421484,0.02876571275182137
7.689137827565514,0.02877569490150634
7.692738547709542,0.028785789021615427
7.6963392678535705,0.028795995323958583
7.6999399879976,0.028806314021439766
7.703540708141628,0.028816745328063196
7.707141428285657,0.028827289458939656
7.710742148429686,0.028837946630292825
7.7143428685737145,0.028848717059465668
7.717943588717744,0.028859600964926888
7.721544308861772,0.028870598566277394
7.725145029005801,0.028881710084256853
7.72874574914983,0.02889293574075026
7.732346469293859,0.02890427575879459
7.735947189437888,0.02891573036258546
7.739547909581916,0.028927299777483876
7.743148629725945,0.02893898423002303
7.746749349869974,0.02895078394791512
7.750350070014003,0.028962699160058242
7.753950790158032,0.028974730096543347
7.7575515103020605,0.028986876988661217
7.761152230446089,0.02899914006890952
7.764752950590118,0.02901151957099992
7.768353670734147,0.029024015729865224
7.771954390878176,0.029036628781666594
7.7755551110222045,0.02904935896380082
7.779155831166233,0.02906220651490764
7.782756551310262,0.029075171674877116
7.786357271454291,0.029088254684857075
7.789957991598319,0.029101455787260592
7.793558711742349,0.02911477522577356
7.797159431886377,0.02912821324536228
7.800760152030406,0.029141770092281142
7.804360872174435,0.029155446014080353
7.807961592318463,0.02916924125961372
7.811562312462493,0.029183156079046507
7.815163032606521,0.02919719072386333
7.8187637527505505,0.029211345446876157
7.822364472894579,0.029225620502232312
7.825965193038607,0.029240016145422598
7.829565913182637,0.02925453263328944
7.833166633326665,0.029269170224035124
7.8367673534706945,0.029283929177230075
7.840368073614723,0.029298809753821226
7.8439687937587514,0.029313812216140437
7.847569513902781,0.02932893682791297
7.851170234046809,0.02934418385426606
7.854770954190839,0.029359553561737535
7.858371674334867,0.029375046218284503
7.8619723944788955,0.02939066209329212
7.865573114622925,0.029406401457582415
7.869173834766953,0.0294222645834232
7.872774554910982,0.02943825174453703
7.876375275055011,0.02945436321611027
7.87997599519904,0.02947059927480218
7.883576715343069,0.02948696019875414
7.887177435487097,0.02950344626759889
7.890778155631126,0.02952005776246988
7.894378875775155,0.029536794966010683
7.897979595919184,0.029553658162384484
7.901580316063213,0.029570647637283648
7.905181036207241,0.029587763677939374
7.90878175635127,0.029605006573131403
7.912382476495299,0.02962237661319783
7.915983196639328,0.029639874090044996
7.919583916783357,0.029657499297157427
7.9231846369273855,0.029675252529607902
7.926785357071414,0.02969313408406757
7.930386077215443,0.029711144258816158
7.933986797359472,0.029729283353752276
7.937587517503501,0.02974755167040378
7.94118823764753,0.029765949511938252
7.944788957791558,0.029784477183173536
7.948389677935587,0.029803134990588388
7.951990398079616,0.029821923242333202
7.955591118223645,0.029840842248240813
7.959191838367674,0.029859892319837416
7.962792558511702,0.02987907377035355
7.966393278655731,0.029898386914735196
7.96999399879976,0.02991783206965495
7.973594718943788,0.029937409553523302
7.977195439087818,0.029957119686499993
7.980796159231846,0.029976962790505494
7.9843968793758755,0.02999693918923255
7.987997599519904,0.030017049208157853
7.991598319663932,0.030037293174553784
7.995199039807962,0.030057671417500275
7.99879975995199,0.03007818426789676
8.00240048009602,0.03009883205847424
8.006001200240048,0.03011961512380742
8.009601920384076,0.030140533800327007
8.013202640528107,0.03016158842633204
8.016803360672135,0.030182779342002385
8.020404080816164,0.030204106889411306
8.024004800960192,0.030225571412538153
8.02760552110422,0.030247173257281153
8.031206241248249,0.030268912771470324
8.034806961392277,0.030290790304880483
8.038407681536308,0.03031280620924438
8.042008401680336,0.030334960838265933
8.045609121824365,0.030357254547633595
8.049209841968395,0.030379687695033818
8.052810562112423,0.03040226064016464
8.056411282256452,0.030424973744749405
8.06001200240048,0.030447827372550577
8.063612722544509,0.03047082188938369
8.067213442688537,0.03049395766313142
8.070814162832566,0.030517235063757777
8.074414882976594,0.030540654463322423
8.078015603120624,0.03056421623599511
8.081616323264653,0.030587920758070253
8.085217043408683,0.030611768407981632
8.088817763552711,0.03063575956631721
8.09241848369674,0.030659894615834106
8.096019203840768,0.030684173941473675
8.099619923984797,0.030708597930376738
8.103220644128825,0.030733166971898946
8.106821364272854,0.030757881457626274
8.110422084416882,0.030782741781390663
8.114022804560912,0.03080774833928579
8.11762352470494,0.030832901529682995
8.121224244848971,0.030858201753247327
8.124824964993,0.030883649412953768
8.128425685137028,0.030909244914103566
8.132026405281056,0.030934988664340746
8.135627125425085,0.030960881073668754
8.139227845569113,0.030986922554467253
8.142828565713142,0.031013113521509077
8.14642928585717,0.031039454391977337
8.1500300060012,0.031065945585482677
8.153630726145229,0.031092587524080697
8.157231446289257,0.031119380632289525
8.160832166433288,0.031146325337107563
8.164432886577316,0.031173422068031385
8.168033606721345,0.0312006712570738
8.171634326865373,0.03122807333878208
8.175235047009402,0.03125562875025638
8.17883576715343,0.031283337931168276
8.182436487297458,0.031311201323779535
8.186037207441489,0.031339219372961025
8.189637927585517,0.0313673925262118
8.193238647729546,0.031395721233678356
8.196839367873576,0.03142420594817412
8.200440088017604,0.03145284712519904
8.204040808161633,0.03148164522295942
8.207641528305661,0.03151060070238792
8.21124224844969,0.03153971402716374
8.214842968593718,0.03156898566373301
8.218443688737747,0.03159841608132932
8.222044408881777,0.031628005751994565
8.225645129025805,0.031657755150599806
8.229245849169834,0.031687664754866514
8.232846569313864,0.0317177350453879
8.236447289457892,0.03174796650565046
8.24004800960192,0.031778359622055795
8.24364872974595,0.03180891488394253
8.247249449889978,0.03183963278360857
8.250850170034006,0.031870513816333434
8.254450890178035,0.03190155848040094
8.258051610322063,0.03193276727712198
8.261652330466093,0.031964140710857625
8.265253050610122,0.03199567928904238
8.268853770754152,0.032027383522207686
8.27245449089818,0.032059253924005666
8.276055211042209,0.032091291011233085
8.279655931186237,0.03212349530385555
8.283256651330266,0.03215586732503193
8.286857371474294,0.03218840760113905
8.290458091618323,0.03222111666179659
8.294058811762351,0.032253995039892264
8.297659531906382,0.032287043271607196
8.30126025205041,0.03232026189644161
8.30486097219444,0.032353651457240735
8.308461692338469,0.032387212500220953
8.312062412482497,0.03242094557499625
8.315663132626526,0.032454851234604905
8.319263852770554,0.032488930035536434
8.322864572914582,0.03252318253775883
8.326465293058611,0.03255760930474604
8.33006601320264,0.03259221090350578
8.33366673334667,0.03262698790460754
8.337267453490698,0.03266194088221095
8.340868173634727,0.0326970704140944
8.344468893778757,0.03273237708168393
8.348069613922785,0.03276786147008246
8.351670334066814,0.03280352416809928
8.355271054210842,0.032839365768279824
8.35887177435487,0.03287538686693583
8.362472494498899,0.032911588064175684
8.366073214642928,0.0329479699639352
8.369673934786958,0.03298453317400862
8.373274654930986,0.03302127830607999
8.376875375075015,0.03305820597575481
8.380476095219045,0.03309531680259208
8.384076815363073,0.03313261141013661
8.387677535507102,0.03317009042595169
8.39127825565113,0.03320775448165212
8.394878975795159,0.03324560421293754
8.398479695939187,0.03328364025962615
8.402080416083216,0.03332186326568876
8.405681136227246,0.0333602738792832
8.409281856371274,0.03339887275278907
8.412882576515303,0.033437660542842924
8.416483296659333,0.03347663791037374
8.420084016803361,0.0335158055206388
8.42368473694739,0.033555164043259984
8.427285457091418,0.033594714152260396
8.430886177235447,0.03363445652610139
8.434486897379475,0.033674391847720024
8.438087617523504,0.033714520804566876
8.441688337667532,0.033754844088644285
8.445289057811562,0.033795362396544994
8.448889777955591,0.033836076429491206
8.452490498099621,0.033876986893374074
8.45609121824365,0.033918094498793606
8.459691938387678,0.03395939996109899
8.463292658531707,0.0340009040004294
8.466893378675735,0.03404260734175517
8.470494098819763,0.03408451071491951
8.474094818963792,0.0341266148546806
8.47769553910782,0.034168920500754166
8.48129625925185,0.03421142839785657
8.484896979395879,0.034254139295748276
8.48849769953991,0.0342970539492779
8.492098419683938,0.03434017311842667
8.495699139827966,0.03438349756835342
8.499299859971995,0.03442702806944005
8.502900580116023,0.034470765397337524
8.506501300260052,0.03451471033301238
8.51010202040408,0.0345588636627937
8.513702740548108,0.034603226178420675
8.517303460692139,0.0346477986770907
8.520904180836167,0.03469258196150796
8.524504900980196,0.03473757683993257
8.528105621124226,0.034782784126230336
8.531706341268254,0.03482820463992301
8.535307061412283,0.03487383920623914
8.538907781556311,0.03491968865616549
8.54250850170034,0.03496575382649905
8.546109221844368,0.03501203555989967
8.549709941988397,0.035058534704943224
8.553310662132427,0.03510525211617546
8.556911382276455,0.03515218865416643
8.560512102420484,0.03519934518556554
8.564112822564514,0.03524672258315728
8.567713542708542,0.03529432172591753
8.571314262852571,0.0353421434990706
8.5749149829966,0.035390188794146855
8.578515703140628,0.03543845850904109
8.582116423284656,0.03548695354807152
8.585717143428685,0.03553567482203949
8.589317863572715,0.0355846232482899
8.592918583716743,0.035633799750772306
8.596519303860772,0.035683205260102796
8.600120024004802,0.035732840713626535
8.60372074414883,0.03578270705548109
8.607321464292859,0.0358328052366605
8.610922184436888,0.03588313621508013
8.614522904580916,0.035933700955642245
8.618123624724944,0.03598450043030243
8.621724344868973,0.03603553561813677
8.625325065013001,0.03608680750540986
8.628925785157032,0.036138317085643606
8.63252650530106,0.036190065359686906
8.63612722544509,0.03624205333578612
8.639727945589119,0.03629428202965644
8.643328665733147,0.03634675246455412
8.646929385877176,0.03639946567134956
8.650530106021204,0.03645242268860132
8.654130826165233,0.03650562456263105
8.657731546309261,0.03655907234759929
8.66133226645329,0.03661276710558224
8.66493298659732,0.03666670990664951
8.668533706741348,0.03672090182894277
8.672134426885378,0.03677534395875541
8.675735147029407,0.03683003739061322
8.679335867173435,0.03688498322735602
8.682936587317464,0.03694018258022037
8.686537307461492,0.036995636568923254
8.69013802760552,0.037051346321746906
8.69373874774955,0.037107312975624626
8.697339467893578,0.03716353767622771
8.700940188037608,0.03722002157805351
8.704540908181636,0.03727676584451456
8.708141628325665,0.03733377164802891
8.711742348469695,0.03739104017011154
8.715343068613723,0.037448572601467014
8.718943788757752,0.03750637014208325
8.72254450890178,0.0375644340013266
8.726145229045809,0.037622765398038036
8.729745949189837,0.03768136556063072
8.733346669333866,0.037740235727188695
8.736947389477896,0.03779937714556701
8.740548109621924,0.03785879107349304
8.744148829765953,0.03791847877866916
8.747749549909983,0.03797844153887681
8.751350270054012,0.03803868064208191
8.75495099019804,0.038099197386541606
8.758551710342068,0.03815999308091255
8.762152430486097,0.038221069044360505
8.765753150630125,0.03828242660667147
8.769353870774154,0.03834406710836427
8.772954590918184,0.038405991900804654
8.776555311062213,0.03846820234632092
8.780156031206241,0.03853069981832114
8.783756751350271,0.03859348570141188
8.7873574714943,0.0386565613915186
8.790958191638328,0.038719928296007684
8.794558911782357,0.038783587833810085
8.798159631926385,0.038847541435546695
8.801760352070414,0.03891179054365542
8.805361072214442,0.038976336612520014
8.80896179235847,0.039041181108600644
8.8125625125025,0.039106325510566316
8.81616323264653,0.039171771309429095
8.81976395279056,0.03923752000868018
8.823364672934588,0.03930357312442792
8.826965393078616,0.03936993218553771
8.830566113222645,0.03943659873377386
8.834166833366673,0.03950357432394347
8.837767553510702,0.03957086052404232
8.84136827365473,0.039638458915402824
8.844968993798759,0.03970637109284406
8.848569713942789,0.039774598664823975
8.852170434086817,0.039843143253593706
8.855771154230847,0.03991200649535414
8.859371874374876,0.03998119004041473
8.862972594518904,0.040050695553354526
8.866573314662933,0.04012052471318564
8.870174034806961,0.040190679213518946
8.87377475495099,0.04026116076273228
8.877375475095018,0.04033197108414104
8.880976195239047,0.04040311191617132
8.884576915383077,0.040474585012535466
8.888177635527105,0.04054639214241038
8.891778355671134,0.040618535090618295
8.895379075815164,0.04069101565781029
8.898979795959193,0.04076383566065253
8.902580516103221,0.04083699693201524
8.90618123624725,0.040910501321164514
8.909781956391278,0.04098435069395698
8.913382676535306,0.0410585469330374
8.916983396679335,0.041133091938039226
8.920584116823365,0.041207987625788194
8.924184836967394,0.04128323593050898
8.927785557111422,0.041358838804035
8.931386277255452,0.04143479821602144
8.93498699739948,0.04151111615416147
8.93858771754351,0.04158779462440584
8.942188437687538,0.04166483565118579
8.945789157831566,0.041742241277639466
8.949389877975594,0.04182001356584177
8.952990598119623,0.04189815459703783
8.956591318263653,0.041976666471880045
8.960192038407682,0.04205555131066892
8.96379275855171,0.04213481125359757
8.96739347869574,0.042214448461000156
8.970994198839769,0.0422944651136042
8.974594918983797,0.042374863412786866
8.978195639127826,0.04245564558083537
8.981796359271854,0.04253681386121149
8.985397079415883,0.0426183705188203
8.988997799559911,0.04270031784028325
8.99259851970394,0.04278265813421559
8.99619923984797,0.042865393731508335
8.999799959991998,0.042948526985614695
9.003400680136028,0.04303206027284126
9.007001400280057,0.043115995992643874
9.010602120424085,0.043200336567928356
9.014202840568114,0.043285084445356156
9.017803560712142,0.04337024209565506
9.02140428085617,0.043455812013934975
9.0250050010002,0.04354179672000904
9.028605721144228,0.043628198758719976
9.032206441288258,0.043715020700271945
9.035807161432286,0.04380226514056795
9.039407881576317,0.04388993470155292
9.043008601720345,0.04397803203156252
9.046609321864373,0.044066559805677946
9.050210042008402,0.0441555207260867
9.05381076215243,0.04424491752244951
9.057411482296459,0.04433475295227352
9.061012202440487,0.04442502980129192
9.064612922584516,0.04451575088385006
9.068213642728546,0.04460691904329829
9.071814362872574,0.04469853715239157
9.075415083016603,0.044790608113696055
9.079015803160633,0.044883134860002796
9.082616523304662,0.04497612035474865
9.08621724344869,0.045069567592444626
9.089817963592719,0.045163479599111815
9.093418683736747,0.04525785943272499
9.097019403880775,0.04535271018366415
9.100620124024804,0.04544803497517408
9.104220844168834,0.045543836963832185
9.107821564312863,0.04564011934002472
9.111422284456891,0.045736885328431585
9.115023004600921,0.04583413818851999
9.11862372474495,0.04593188121504699
9.122224444888978,0.04603011773857127
9.125825165033007,0.04612885112597428
9.129425885177035,0.046228084780990955
9.133026605321064,0.04632782214475025
9.136627325465092,0.046428066696325654
9.140228045609122,0.04652882195329598
9.14382876575315,0.04663009147231663
9.14742948589718,0.04673187884970154
9.15103020604121,0.04683418772201613
9.154630926185238,0.04693702176668135
9.158231646329266,0.04704038470258934
9.161832366473295,0.04714428029073066
9.165433086617323,0.04724871233483361
9.169033806761352,0.04735368468201578
9.17263452690538,0.04745920122344814
9.176235247049409,0.047565265895032044
9.179835967193439,0.04767188267808928
9.183436687337467,0.04777905560006566
9.187037407481498,0.04788678873524835
9.190638127625526,0.047995086205497306
9.194238847769554,0.048103952180991144
9.197839567913583,0.04821339088098779
9.201440288057611,0.04832340657460028
9.20504100820164,0.048434003581588045
9.208641728345668,0.048545186273164065
9.212242448489697,0.04865695907281832
9.215843168633727,0.04876932645715786
9.219443888777755,0.048882292956763974
9.223044608921786,0.0489958631570668
9.226645329065814,0.0491100416992379
9.230246049209843,0.04922483328110119
9.233846769353871,0.04934024265806265
9.2374474894979,0.0494562746440594
9.241048209641928,0.049572934112528444
9.244648929785956,0.0496902259973958
9.248249649929985,0.049808155294086366
9.251850370074015,0.049926727060555086
9.255451090218044,0.050045946418340016
9.259051810362072,0.0501658185536378
9.262652530506102,0.05028634871840215
9.26625325065013,0.050407542231465916
9.26985397079416,0.05052940447968738
9.273454690938188,0.050651940919121397
9.277055411082216,0.05077515707621603
9.280656131226245,0.05089905854903535
9.284256851370273,0.05102365100850912
9.287857571514303,0.05114894019971003
9.291458291658332,0.05127493194315927
9.29505901180236,0.05140163213616117
9.29865973194639,0.05152904675416771
9.302260452090419,0.0516571818521737
9.305861172234447,0.051786043566143455
9.309461892378476,0.05191563811446984
9.313062612522504,0.052045971799466614
9.316663332666533,0.052177051008894866
9.320264052810561,0.05230888221752467
9.323864772954591,0.0524414719887328
9.32746549309862,0.05257482697613753
9.331066213242648,0.05270895392527167
9.334666933386679,0.05284385967529478
9.338267653530707,0.05297955116074577
9.341868373674735,0.05311603541333701
9.345469093818764,0.05325331956379112
9.349069813962792,0.053391410843721704
9.35267053410682,0.05353031658755931
9.35627125425085,0.05367004423452387
9.359871974394878,0.05381060133064507
9.363472694538908,0.053951995530831985
9.367073414682936,0.05409423460099346
9.370674134826967,0.0542373264202108
9.374274854970995,0.054381278982964194
9.377875575115024,0.054526100401414694
9.381476295259052,0.054671798907743194
9.38507701540308,0.05481838285654832
9.388677735547109,0.05496586072730493
9.392278455691137,0.05511424112688515
9.395879175835166,0.05526353279214378
9.399479895979196,0.055413744592570154
9.403080616123225,0.055564885533008486
9.406681336267255,0.05571696475644886
9.410282056411283,0.055869991546891054
9.413882776555312,0.05602397533228353
9.41748349669934,0.05617892568754003
9.421084216843369,0.056334852337636146
9.424684936987397,0.05649176516078853
9.428285657131426,0.0566496741917194
9.431886377275454,0.05680858962500912
9.435487097419484,0.05696852181853968
9.439087817563513,0.05712948129703214
9.442688537707541,0.057291478755681115
9.446289257851571,0.05745452506388955
9.4498899779956,0.05761863126910709
9.453490698139628,0.05778380860077555
9.457091418283657,0.057950068474385226
9.460692138427685,0.05811742249564558
9.464292858571714,0.05828588246477449
9.467893578715742,0.058455460380909895
9.471494298859772,0.058626168446648315
9.4750950190038,0.058798019072714466
9.47869573914783,0.05897102488276669
9.48229645929186,0.059145198718342944
9.485897179435888,0.059320553643952376
9.489497899579916,0.05949710295231761
9.493098619723945,0.059674860169773254
9.496699339867973,0.059853839061826196
9.500300060012002,0.060034053638883624
9.50390078015603,0.06021551816215488
9.50750150030006,0.0603982471497336
9.511102220444089,0.060582255382866726
9.514702940588117,0.06076755791241746
9.518303660732148,0.06095417006552942
9.521904380876176,0.06114210745249952
9.525505101020205,0.06133138597386767
9.529105821164233,0.0615220218277314
9.532706541308261,0.061714031517294266
9.53630726145229,0.061907431858656936
9.539907981596318,0.062102239988860594
9.543508701740347,0.062298473374192434
9.547109421884377,0.062496149818763704
9.550710142028406,0.06269528747337115
9.554310862172436,0.0628959048446532
9.557911582316464,0.06309802080455279
9.561512302460493,0.06330165460009937
9.565113022604521,0.06350682586352308
9.56871374274855,0.06371355462271482
9.572314462892578,0.06392186131204666
9.575915183036606,0.06413176678356755
9.579515903180635,0.06434329231859015
9.583116623324665,0.06455645963968555
9.586717343468694,0.06477129092310308
9.590318063612724,0.06498780881163366
9.593918783756752,0.06520603642793596
9.59751950390078,0.06542599738834547
9.60112022404481,0.06564771581718783
9.604720944188838,0.06587121636161883
9.608321664332866,0.06609652420701456
9.611922384476895,0.06632366509293648
9.615523104620923,0.0665526653296976
9.619123824764953,0.06678355181555722
9.622724544908982,0.06701635205457318
9.62632526505301,0.06725109417514234
9.62992598519704,0.06748780694926129
9.633526705341069,0.06772651981254152
9.637127425485097,0.06796726288501491
9.640728145629126,0.06821006699276744
9.644328865773154,0.06845496369044125
9.647929585917183,0.06870198528464747
9.651530306061211,0.0689511648583345
9.655131026205241,0.06920253629615936
9.65873174634927,0.06945613431091216
9.662332466493298,0.06971199447104696
9.665933186637329,0.06997015322937533
9.669533906781357,0.07023064795298227
9.673134626925386,0.07049351695442803
9.676735347069414,0.07075879952430283
9.680336067213442,0.07102653596520611
9.68393678735747,0.07129676762722588
9.6875375075015,0.07156953694499904
9.69113822764553,0.07184488747643818
9.694738947789558,0.07212286394321618
9.698339667933586,0.07240351227310571
9.701940388077617,0.072686879644277
9.705541108221645,0.07297301453166431
9.709141828365674,0.07326196675551848
9.712742548509702,0.07355378753227124
9.71634326865373,0.07384852952784525
9.719943988797759,0.07414624691355307
9.723544708941787,0.07444699542473812
9.727145429085816,0.07475083242232163
9.730746149229846,0.07505781695743068
9.734346869373875,0.0753680098392956
9.737947589517905,0.075681473706618
9.741548309661933,0.07599827310262545
9.745149029805962,0.0763184745540453
9.74874974994999,0.0766421466542466
9.752350470094019,0.0769693601508184
9.755951190238047,0.07730018803787314
9.759551910382076,0.07763470565338552
9.763152630526104,0.07797299078190219
9.766753350670134,0.07831512376298322
9.770354070814163,0.07866118760576568
9.773954790958193,0.0790112681100707
9.777555511102221,0.07936545399450995
9.78115623124625,0.07972383703208494
9.784756951390278,0.0800865121938139
9.788357671534307,0.08045357780096607
9.791958391678335,0.08082513568653296
9.795559111822364,0.08120129136662048
9.799159831966392,0.08158215422250611
9.802760552110422,0.08196783769417137
9.80636127225445,0.08235845948619253
9.80996199239848,0.08275414178695345
9.81356271254251,0.08315501150223344
9.817163432686538,0.08356120050432132
9.820764152830566,0.08397284589791697
9.824364872974595,0.08439009030420233
9.827965593118623,0.0848130821645996
9.831566313262652,0.08524197606588409
9.83516703340668,0.08567693308848742
9.83876775355071,0.08611812118001358
9.842368473694739,0.08656571555620009
9.845969193838767,0.08701989913179112
9.849569913982798,0.08748086298405273
9.853170634126826,0.08794880685195643
9.856771354270855,0.08842393967439065
9.860372074414883,0.08890648017113585
9.863972794558912,0.08939665747076396
9.86757351470294,0.08989471179010412
9.871174234846968,0.09040089517046329
9.874774954990999,0.09091547227641057
9.878375675135027,0.09143872126364233
9.881976395279056,0.09197093472325271
9.885577115423086,0.09251242071065895
9.889177835567114,0.09306350386849158
9.892778555711143,0.09362452665397936
9.896379275855171,0.09419585068276487
9.8999799959992,0.09477785820271192
9.903580716143228,0.0953709537131492
9.907181436287257,0.0959755657471836
9.910782156431285,0.09659214883726766
9.914382876575315,0.09722118568718774
9.917983596719344,0.09786318957713719
9.921584316863374,0.09851870703265321
9.925185037007402,0.09918832079305355
9.92878575715143,0.09987265312076415
9.93238647729546,0.10057236949977122
9.935987197439488,0.10128818277959918
9.939587917583516,0.10202085783100533
9.943188637727545,0.10277121679136278
9.946789357871573,0.10354014499194594
9.950390078015603,0.10432859767662825
9.953990798159632,0.10513760764260963
9.957591518303662,0.10596829395968074
9.96119223844769,0.10682187195645788
9.964792958591719,0.10769966470161675
9.968393678735747,0.10860311625754976
9.971994398879776,0.10953380704588554
9.975595119023804,0.11049347174268467
9.979195839167833,0.11148402022087815
9.982796559311861,0.1125075621854314
9.986397279455892,0.11356643631205733
9.98999799959992,0.11466324491583749
9.993598719743948,0.11580089545963243
9.997199439887979,0.11698265058874725
10.000800160032007,0.11821218888373183
10.004400880176036,0.11949367920912553
10.008001600320064,0.12083187247814664
10.011602320464092,0.12223221596445806
10.015203040608121,0.12370099714259675
10.018803760752151,0.12524552669066888
10.02240448089618,0.12687437415391484
10.026005201040208,0.12859767550497314
10.029605921184237,0.1304275405270555
10.033206641328265,0.13237860140782945
10.036807361472295,0.134468765309738
10.040408081616324,0.13672026859121983
10.044008801760352,0.13916118917412035
10.04760952190438,0.14182767625856865
10.051210242048409,0.14476734338181577
10.05481096219244,0.14804462694293724
10.058411682336468,0.15174962973337522
10.062012402480496,0.15601351180073111
10.065613122624525,0.16103708025449306
10.069213842768553,0.16714842765253182
10.072814562912583,0.17493209344061056
10.076415283056612,0.18556253846068127
10.08001600320064,0.2018549426884802
10.083616723344669,0.23273724367408544
10.087217443488697,0.3247745220426094
10.090818163632727,1.1706155100432523
10.094418883776756,150.4034804286865
